Year,Overall Pick,Player Name,Position
2009,1,Matthew Stafford,QB
2009,2,Jason Smith,T
2009,3,Tyson Jackson,DE
2009,4,Aaron Curry,LB
2009,5,Mark Sanchez,QB
2009,6,Andre Smith,T
2009,7,Darrius Heyward-Bey,WR
2009,8,Eugene Monroe,T
2009,9,B.J. Raji,DT
2009,10,Michael Crabtree,WR
2009,11,Aaron Maybin,DE
2009,12,Knowshon Moreno,RB
2009,13,Brian Orakpo,LB
2009,14,Malcolm Jenkins,DB
2009,15,Brian Cushing,LB
2009,16,Larry English,LB
2009,17,Josh Freeman,QB
2009,18,Robert Ayers,DE
2009,19,Jeremy Maclin,WR
2009,20,Brandon Pettigrew,TE
2009,21,Alex Mack,C
2009,22,Percy Harvin,WR
2009,23,Michael Oher,T
2009,24,Peria Jerry,DT
2009,25,Vontae Davis,DB
2009,26,Clay Matthews,LB
2009,27,Donald Brown,RB
2009,28,Eric Wood,C
2009,29,Hakeem Nicks,WR
2009,30,Kenny Britt,WR
2009,31,Beanie Wells,RB
2009,32,Evander Hood,DE
2009,33,Louis Delmas,DB
2009,34,Patrick Chung,DB
2009,35,James Laurinaitis,LB
2009,36,Brian Robiskie,WR
2009,37,Alphonso Smith,DB
2009,38,Rey Maualuga,LB
2009,39,Eben Britton,T
2009,40,Ron Brace,DT
2009,41,Darius Butler,DB
2009,42,Jairus Byrd,DB
2009,43,Everette Brown,DE
2009,44,Pat White,QB
2009,45,Clint Sintim,LB
2009,46,Connor Barwin,DE
2009,47,Mike Mitchell,DB
2009,48,Darcel McBath,DB
2009,49,Max Unger,C
2009,50,Mohamed Massaquoi,WR
2009,51,Andy Levitre,G
2009,52,David Veikune,LB
2009,53,LeSean McCoy,RB
2009,54,Phil Loadholt,T
2009,55,William Moore,DB
2009,56,Fili Moala,DT
2009,57,Paul Kruger,DE
2009,58,Sebastian Vollmer,T
2009,59,Sherrod Martin,DB
2009,60,Will Beatty,T
2009,61,Sean Smith,DB
2009,62,Sen'Derrick Marks,DT
2009,63,Cody Brown,LB
2009,64,Richard Quinn,TE
2009,65,Shonn Greene,RB
2009,66,Bradley Fletcher,DB
2009,67,Alex Magee,DE
2009,68,Jarron Gilbert,DT
2009,69,Jason Williams,LB
2009,70,Michael Johnson,DE
2009,71,Matt Shaughnessy,DE
2009,72,Terrance Knighton,DT
2009,73,Derek Cox,DB
2009,74,Glen Coffee,RB
2009,75,Robert Brewster,T
2009,76,DeAndre Levy,LB
2009,77,Antoine Caldwell,G
2009,78,Louis Vasquez,G
2009,79,Kraig Urbik,T
2009,80,Kevin Barnes,DB
2009,81,Roy Miller,DT
2009,82,Derrick Williams,WR
2009,83,Brandon Tate,WR
2009,84,Mike Wallace,WR
2009,85,Ramses Barden,WR
2009,86,Asher Allen,DB
2009,87,Patrick Turner,WR
2009,88,Lardarius Webb,DB
2009,89,Jared Cook,TE
2009,90,Chris Owens,DB
2009,91,Deon Butler,WR
2009,92,Jerraud Powers,DB
2009,93,Corvey Irvin,DT
2009,94,Ryan Mouton,DB
2009,95,Rashad Johnson,DB
2009,96,Keenan Lewis,DB
2009,97,Tyrone McKenzie,LB
2009,98,Chase Coffman,TE
2009,99,Juaquin Iglesias,WR
2009,100,Travis Beckum,TE
2009,101,Stephen McGee,QB
2009,102,Donald Washington,DB
2009,103,Darell Scott,DT
2009,104,Kaluka Maiava,LB
2009,105,Henry Melton,DE
2009,106,Jonathan Luigs,C
2009,107,Mike Thomas,WR
2009,108,Brian Hartline,WR
2009,109,T.J. Lang,T
2009,110,Victor Butler,LB
2009,111,Mike Goodson,RB
2009,112,Glover Quin,DB
2009,113,Vaughn Martin,DT
2009,114,David Bruton,DB
2009,115,Sammie Lee Hill,DT
2009,116,Chip Vaughn,DB
2009,117,Kyle Moore,DE
2009,118,Stanley Arnoux,LB
2009,119,D.J. Moore,DB
2009,120,Brandon Williams,DE
2009,121,Shawn Nelson,TE
2009,122,Anthony Hill,TE
2009,123,Rich Ohrnberger,G
2009,124,Louis Murphy,WR
2009,125,Lawrence Sidbury,DE
2009,126,Slade Norris,DE
2009,127,Austin Collie,WR
2009,128,Tony Fiammetta,RB
2009,129,Andre Brown,RB
2009,130,Gerald McRath,LB
2009,131,Greg Toler,DB
2009,132,Seth Olsen,G
2009,133,Tyronne Green,G
2009,134,Gartrell Johnson,RB
2009,135,Troy Kropog,T
2009,136,Terrance Taylor,DT
2009,137,Jason Phillips,LB
2009,138,William Middleton,DB
2009,139,Colin Brown,T
2009,140,Johnny Knox,WR
2009,141,Kenny McKinley,WR
2009,142,Kevin Huber,P
2009,143,DeAngelo Smith,DB
2009,144,Jarett Dillard,WR
2009,145,Quinn Johnson,RB
2009,146,Scott McKillop,LB
2009,147,Nic Harris,LB
2009,148,Brandon Hughes,DB
2009,149,Davon Drew,TE
2009,150,Jasper Brinkley,LB
2009,151,Rhett Bomar,QB
2009,152,James Casey,TE
2009,153,Cornelius Ingram,TE
2009,154,Marcus Freeman,LB
2009,155,Xavier Fulton,T
2009,156,Garrett Reynolds,T
2009,157,Victor Harris,DB
2009,158,Cody Glenn,LB
2009,159,Fenuki Tupou,T
2009,160,Brooks Foster,WR
2009,161,John Nalbone,TE
2009,162,Jamon Meredith,T
2009,163,Duke Robinson,G
2009,164,Thomas Morstead,P
2009,165,Chris Clemons,DB
2009,166,Michael Hamlin,DB
2009,167,Herman Johnson,T
2009,168,Joe Burnett,DB
2009,169,Frank Summers,RB
2009,170,George Bussey,T
2009,171,Nate Davis,QB
2009,172,David Buehler,K
2009,173,Javon Ringer,RB
2009,174,Tom Brandstater,QB
2009,175,Quinten Lawrence,WR
2009,176,Spencer Adkins,LB
2009,177,Don Carey,DB
2009,178,Mike Teel,QB
2009,179,Morgan Trent,DB
2009,180,Zach Miller,TE
2009,181,Andrew Gardner,T
2009,182,Jarius Wynn,DE
2009,183,Cary Harris,DB
2009,184,Bear Pascoe,TE
2009,185,Cedric Peerman,RB
2009,186,Robert Henson,LB
2009,187,Brandon Underwood,DB
2009,188,Brice McCain,DB
2009,189,Kevin Ellison,LB
2009,190,Al Afalava,DB
2009,191,Coye Francies,DB
2009,192,Aaron Brown,RB
2009,193,Matt Slauson,G
2009,194,Brandon Gibson,WR
2009,195,James Davis,RB
2009,196,Keith Null,QB
2009,197,Stephen Hodge,DB
2009,198,Jake Ingram,C
2009,199,Stryker Sulak,DE
2009,200,DeAndre Wright,DB
2009,201,Curtis Painter,QB
2009,202,Brandon Myers,TE
2009,203,Jason McCourty,DB
2009,204,Will Davis,DE
2009,205,Ra'Shon Harris,DT
2009,206,Dominique Edison,WR
2009,207,Myron Pryor,DT
2009,208,John Phillips,TE
2009,209,Bernard Scott,RB
2009,210,Vance Walker,DT
2009,211,Chris Ogbonnaya,RB
2009,212,Javarris Williams,RB
2009,213,Paul Fanaika,G
2009,214,J.D. Folsom,LB
2009,215,Fui Vakapuna,RB
2009,216,Captain Munnerlyn,DB
2009,217,E.J. Biggers,DB
2009,218,Brad Jones,LB
2009,219,Curtis Taylor,DB
2009,220,Ellis Lankster,DB
2009,221,Eddie Williams,RB
2009,222,Pat McAfee,K
2009,223,Troy Nolan,DB
2009,224,Demetrius Byrd,WR
2009,225,Blake Schlueter,C
2009,226,A.Q. Shipley,C
2009,227,Mike Mickens,DB
2009,228,Lydon Murtha,T
2009,229,Manuel Johnson,WR
2009,230,Moise Fokou,LB
2009,231,Jamarca Sanford,DB
2009,232,Julian Edelman,WR
2009,233,Sammie Stroughter,WR
2009,234,Darryl Richard,DT
2009,235,Zack Follett,LB
2009,236,Jaimie Thomas,T
2009,237,Jake O'Connell,TE
2009,238,Stoney Woodson,DB
2009,239,Ryan Durand,G
2009,240,LaRod Stephens-Howling,RB
2009,241,David Johnson,TE
2009,242,Nick Schommer,DB
2009,243,Marko Mitchell,WR
2009,244,Ricky Jean-Francois,DT
2009,245,Courtney Greene,DB
2009,246,Lance Louis,G
2009,247,Nick Reed,DE
2009,248,Cameron Morrah,TE
2009,249,Clinton McDonald,DT
2009,250,Rashad Jennings,RB
2009,251,Derek Kinder,WR
2009,252,Freddie Brown,WR
2009,253,Tiquan Underwood,WR
2009,254,Trevor Canfield,G
2009,255,Dan Gronkowski,TE
2009,256,Ryan Succop,K
2009,1,Jeremy Jarmon,DE
2010,1,Sam Bradford,QB
2010,2,Ndamukong Suh,DT
2010,3,Gerald McCoy,DT
2010,4,Trent Williams,T
2010,5,Eric Berry,DB
2010,6,Russell Okung,T
2010,7,Joe Haden,DB
2010,8,Rolando McClain,LB
2010,9,C.J. Spiller,RB
2010,10,Tyson Alualu,DT
2010,11,Anthony Davis,T
2010,12,Ryan Mathews,RB
2010,13,Brandon Graham,DE
2010,14,Earl Thomas,DB
2010,15,Jason Pierre-Paul,DE
2010,16,Derrick Morgan,DE
2010,17,Mike Iupati,G
2010,18,Maurkice Pouncey,C
2010,19,Sean Weatherspoon,LB
2010,20,Kareem Jackson,DB
2010,21,Jermaine Gresham,TE
2010,22,Demaryius Thomas,WR
2010,23,Bryan Bulaga,T
2010,24,Dez Bryant,WR
2010,25,Tim Tebow,QB
2010,26,Dan Williams,DT
2010,27,Devin McCourty,DB
2010,28,Jared Odrick,DE
2010,29,Kyle Wilson,DB
2010,30,Jahvid Best,RB
2010,31,Jerry Hughes,DE
2010,32,Patrick Robinson,DB
2010,33,Rodger Saffold,T
2010,34,Chris Cook,DB
2010,35,Brian Price,DT
2010,36,Dexter McCluster,WR
2010,37,Nate Allen,DB
2010,38,T.J. Ward,DB
2010,39,Arrelious Benn,WR
2010,40,Koa Misi,LB
2010,41,Torell Troup,DT
2010,42,Rob Gronkowski,TE
2010,43,Sergio Kindle,LB
2010,44,Lamarr Houston,DE
2010,45,Zane Beadles,G
2010,46,Linval Joseph,DT
2010,47,Daryl Washington,LB
2010,48,Jimmy Clausen,QB
2010,49,Taylor Mays,DB
2010,50,Javier Arenas,DB
2010,51,Toby Gerhart,RB
2010,52,Jason Worilds,DE
2010,53,Jermaine Cunningham,LB
2010,54,Carlos Dunlap,DE
2010,55,Sean Lee,LB
2010,56,Mike Neal,DE
2010,57,Terrence Cody,DT
2010,58,Ben Tate,RB
2010,59,Montario Hardesty,RB
2010,60,Golden Tate,WR
2010,61,Vlad Ducasse,T
2010,62,Brandon Spikes,LB
2010,63,Pat Angerer,LB
2010,64,Charles Brown,T
2010,65,Jerome Murphy,DB
2010,66,Amari Spievey,DB
2010,67,Myron Lewis,DB
2010,68,Jon Asamoah,G
2010,69,Jared Veldheer,T
2010,70,Ed Dickson,TE
2010,71,Morgan Burnett,DB
2010,72,Alex Carrington,DE
2010,73,John Jerry,T
2010,74,D'Anthony Smith,DT
2010,75,Major Wright,DB
2010,76,Chad Jones,DB
2010,77,Damian Williams,WR
2010,78,Brandon LaFell,WR
2010,79,Donald Butler,LB
2010,80,J.D. Walton,C
2010,81,Earl Mitchell,DT
2010,82,Emmanuel Sanders,WR
2010,83,Corey Peters,DT
2010,84,Jordan Shipley,WR
2010,85,Colt McCoy,QB
2010,86,Daniel Te'o-Nesheim,DE
2010,87,Eric Decker,WR
2010,88,Andre Roberts,WR
2010,89,Armanti Edwards,WR
2010,90,Taylor Price,WR
2010,91,NaVorro Bowman,LB
2010,92,Shawn Lauvao,G
2010,93,Tony Moeaki,TE
2010,94,Kevin Thomas,DB
2010,95,Jimmy Graham,TE
2010,96,Brandon Ghee,DB
2010,97,Rennie Curran,LB
2010,98,Mike Johnson,G
2010,99,Mardy Gilyard,WR
2010,100,Everson Griffen,DE
2010,101,Mike Williams,WR
2010,102,Darryl Sharpton,LB
2010,103,Perry Riley,LB
2010,104,Alterraun Verner,DB
2010,105,Trevard Lindley,DB
2010,106,Bruce Campbell,T
2010,107,Marcus Easley,WR
2010,108,Jacoby Ford,WR
2010,109,Corey Wootton,DE
2010,110,Darrell Stuckey,DB
2010,111,Walter Thurmond,DB
2010,112,Joe McKnight,RB
2010,113,Aaron Hernandez,TE
2010,114,Dennis Pitta,TE
2010,115,Phillip Dillard,LB
2010,116,Thaddeus Gibson,DE
2010,117,Joe Hawley,C
2010,118,Garrett Graham,TE
2010,119,A.J. Edds,LB
2010,120,Geno Atkins,DT
2010,121,Keenan Clayton,LB
2010,122,Mike Kafka,QB
2010,123,Al Woods,DT
2010,124,Eric Norwood,LB
2010,125,Clay Harbor,TE
2010,126,Akwasi Owusu-Ansah,DB
2010,127,E.J. Wilson,DE
2010,128,Jason Fox,T
2010,129,Jacques McClendon,G
2010,130,O'Brien Schofield,DE
2010,131,Roddrick Muckelroy,LB
2010,132,Michael Hoomanawanui,TE
2010,133,Kam Chancellor,DB
2010,134,Ricky Sapp,DE
2010,135,Dominique Franks,DB
2010,136,Kendrick Lewis,DB
2010,137,Perrish Cox,DB
2010,138,Walter McFadden,DB
2010,139,John Conner,RB
2010,140,Ed Wang,T
2010,141,Joshua Moore,DB
2010,142,Cameron Sheffield,DE
2010,143,Larry Hart,DE
2010,144,Sherrick McManis,DB
2010,145,Nolan Carroll,DB
2010,146,Cam Thomas,DT
2010,147,Mitch Petrus,G
2010,148,Robert Johnson,DB
2010,149,Hall Davis,DE
2010,150,Zoltan Mesko,P
2010,151,Chris Scott,G
2010,152,Otis Hudson,T
2010,153,Austen Lane,DE
2010,154,Andrew Quarless,TE
2010,155,John Skelton,QB
2010,156,David Reed,WR
2010,157,Arthur Jones,DE
2010,158,Matt Tennant,C
2010,159,Riley Cooper,WR
2010,160,Larry Asante,DB
2010,161,Chris DeGeare,G
2010,162,Brody Eldridge,TE
2010,163,Reshad Jones,DB
2010,164,Crezdon Butler,DB
2010,165,Kerry Meier,WR
2010,166,Stevenson Sylvester,LB
2010,167,Nate Triplett,LB
2010,168,Jonathan Crompton,QB
2010,169,Marshall Newhouse,G
2010,170,Fendi Onobun,TE
2010,171,Shann Schillinger,DB
2010,172,Brent Bowden,P
2010,173,Anthony Dixon,RB
2010,174,Dennis Morris,RB
2010,175,Greg Hardy,DE
2010,176,Rusty Smith,QB
2010,177,Carlton Mitchell,WR
2010,178,Arthur Moats,LB
2010,179,Sam Young,T
2010,180,Deji Karim,RB
2010,181,Dan LeFevour,QB
2010,182,Nate Byham,TE
2010,183,Eric Olsen,C
2010,184,Adrian Tracy,DE
2010,185,Anthony McCoy,TE
2010,186,Clifton Geathers,DE
2010,187,Shelley Smith,G
2010,188,Jonathan Dwyer,RB
2010,189,Eugene Sims,DE
2010,190,Travis Goethel,LB
2010,191,Dezmon Briscoe,WR
2010,192,Danny Batten,DE
2010,193,James Starks,RB
2010,194,Ramon Harewood,T
2010,195,Antonio Brown,WR
2010,196,Jamar Wall,DB
2010,197,Trindon Holliday,WR
2010,198,David Gettis,WR
2010,199,Joe Webb,WR
2010,200,Charles Scott,RB
2010,201,Jorrick Calvin,DB
2010,202,Jordan Pugh,DB
2010,203,Scotty McGee,DB
2010,204,Tony Pike,QB
2010,205,Ted Larsen,C
2010,206,Kyle Williams,WR
2010,207,Myron Rolle,DB
2010,208,Thomas Welch,T
2010,209,Levi Brown,QB
2010,210,Cody Grimm,DB
2010,211,Marquis Johnson,DB
2010,212,Chris McCoy,DE
2010,213,Willie Young,DE
2010,214,Mickey Shuler,TE
2010,215,Jeremy Ware,DB
2010,216,Kyle Calloway,T
2010,217,Dekoda Watson,LB
2010,218,J'Marcus Webb,T
2010,219,Terrence Austin,WR
2010,220,Jamar Chaney,LB
2010,221,Matt Dodge,P
2010,222,Marc Mariani,WR
2010,223,R.J. Stanford,DB
2010,224,Phillip Adams,DB
2010,225,Syd'Quan Thompson,DB
2010,226,George Selvie,DE
2010,227,Dorin Dickerson,WR
2010,228,Reggie Stephens,C
2010,229,Erik Cook,C
2010,230,C.J. Wilson,DE
2010,231,Selvish Capers,T
2010,232,Jammie Kirlew,DE
2010,233,Jim Dray,TE
2010,234,Sean Lissemore,DT
2010,235,Dedrick Epps,TE
2010,236,Dexter Davis,LB
2010,237,Ryan D'Imperio,RB
2010,238,Ricardo Mathews,DT
2010,239,Sean Canfield,QB
2010,240,Kavell Conner,LB
2010,241,David Howard,DT
2010,242,Doug Worthington,DT
2010,243,Jeff Owens,DT
2010,244,Kurt Coleman,DB
2010,245,Jameson Konz,TE
2010,246,Ray Fisher,DB
2010,247,Brandon Deaderick,DE
2010,248,Kade Weston,DT
2010,249,Robert McClain,DB
2010,250,Zac Robinson,QB
2010,251,Stevie Brown,DB
2010,252,Austin Spitler,LB
2010,253,Erik Lorig,DE
2010,254,Josh Hull,LB
2010,255,Tim Toone,WR
2010,1,Harvey Unga,RB
2010,1,Josh Brent,DT
2011,1,Cam Newton,QB
2011,2,Von Miller,LB
2011,3,Marcell Dareus,DT
2011,4,A.J. Green,WR
2011,5,Patrick Peterson,DB
2011,6,Julio Jones,WR
2011,7,Aldon Smith,DE
2011,8,Jake Locker,QB
2011,9,Tyron Smith,T
2011,10,Blaine Gabbert,QB
2011,11,J.J. Watt,DE
2011,12,Christian Ponder,QB
2011,13,Nick Fairley,DT
2011,14,Robert Quinn,DE
2011,15,Mike Pouncey,G
2011,16,Ryan Kerrigan,DE
2011,17,Nate Solder,T
2011,18,Corey Liuget,DT
2011,19,Prince Amukamara,DB
2011,20,Adrian Clayborn,DE
2011,21,Phil Taylor,DT
2011,22,Anthony Castonzo,T
2011,23,Danny Watkins,G
2011,24,Cameron Jordan,DE
2011,25,James Carpenter,T
2011,26,Jonathan Baldwin,WR
2011,27,Jimmy Smith,DB
2011,28,Mark Ingram,RB
2011,29,Gabe Carimi,T
2011,30,Muhammad Wilkerson,DT
2011,31,Cameron Heyward,DE
2011,32,Derek Sherrod,T
2011,33,Ras-I Dowling,DB
2011,34,Aaron Williams,DB
2011,35,Andy Dalton,QB
2011,36,Colin Kaepernick,QB
2011,37,Jabaal Sheard,DE
2011,38,Ryan Williams,RB
2011,39,Akeem Ayers,LB
2011,40,Bruce Carter,LB
2011,41,Jarvis Jenkins,DT
2011,42,Brooks Reed,LB
2011,43,Kyle Rudolph,TE
2011,44,Titus Young,WR
2011,45,Rahim Moore,DB
2011,46,Orlando Franklin,T
2011,47,Lance Kendricks,TE
2011,48,Stefen Wisniewski,C
2011,49,Ben Ijalana,T
2011,50,Marcus Gilchrist,DB
2011,51,Da'Quan Bowers,DE
2011,52,Marvin Austin,DT
2011,53,Stephen Paea,DT
2011,54,Jaiquawn Jarrett,DB
2011,55,Rodney Hudson,C
2011,56,Shane Vereen,RB
2011,57,Mikel Leshoure,RB
2011,58,Torrey Smith,WR
2011,59,Greg Little,WR
2011,60,Brandon Harris,DB
2011,61,Jonas Mouton,LB
2011,62,Daniel Thomas,RB
2011,63,Marcus Gilbert,T
2011,64,Randall Cobb,WR
2011,65,Terrell McClain,DT
2011,66,Dontay Moch,LB
2011,67,Nate Irving,LB
2011,68,Kelvin Sheppard,LB
2011,69,Rob Housler,TE
2011,70,Justin Houston,LB
2011,71,DeMarco Murray,RB
2011,72,Martez Wilson,LB
2011,73,Stevan Ridley,RB
2011,74,Ryan Mallett,QB
2011,75,John Moffitt,G
2011,76,Will Rackley,G
2011,77,Jurrell Casey,DT
2011,78,Austin Pettis,WR
2011,79,Leonard Hankerson,WR
2011,80,Chris Culliver,DB
2011,81,DeMarcus Van Dyke,DB
2011,82,Vincent Brown,WR
2011,83,Jerrel Jernigan,WR
2011,84,Mason Foster,LB
2011,85,Jah Reid,T
2011,86,Allen Bailey,DE
2011,87,Drake Nevis,DT
2011,88,Johnny Patrick,DB
2011,89,Shareece Wright,DB
2011,90,Curtis Marsh,DB
2011,91,Akeem Dent,LB
2011,92,Joe Barksdale,T
2011,93,Chris Conte,DB
2011,94,Kenrick Ellis,DT
2011,95,Curtis Brown,DB
2011,96,Alex Green,RB
2011,97,Sione Fua,DT
2011,98,Brandon Hogan,DB
2011,99,K.J. Wright,LB
2011,100,Da'Norris Searcy,DB
2011,101,Clint Boling,G
2011,102,Jordan Cameron,TE
2011,103,Sam Acho,DE
2011,104,Luke Stocker,TE
2011,105,Roy Helu,RB
2011,106,Christian Ballard,DT
2011,107,Kris Durham,WR
2011,108,Quinton Carter,DB
2011,109,Colin McCarthy,LB
2011,110,David Arkin,G
2011,111,Clyde Gates,WR
2011,112,Greg Salas,WR
2011,113,Chimdi Chekwa,DB
2011,114,Cecil Shorts,WR
2011,115,Kendall Hunter,RB
2011,116,Casey Matthews,LB
2011,117,James Brewer,T
2011,118,Jalil Brown,DB
2011,119,Delone Carter,RB
2011,120,Alex Henery,K
2011,121,Chris Prosinski,DB
2011,122,Chris Hairston,T
2011,123,Tandon Doss,WR
2011,124,Owen Marecic,RB
2011,125,Taiwan Jones,RB
2011,126,Bilal Powell,RB
2011,127,Roc Carmichael,DB
2011,128,Cortez Allen,DB
2011,129,Julius Thomas,TE
2011,130,Jamie Harper,RB
2011,131,Davon House,DB
2011,132,Kealoha Pilares,WR
2011,133,Johnny White,RB
2011,134,Robert Sands,DB
2011,135,Ricky Stanzi,QB
2011,136,Anthony Sherman,RB
2011,137,Buster Skrine,DB
2011,138,Marcus Cannon,T
2011,139,Brandon Burton,DB
2011,140,Gabe Miller,LB
2011,141,D.J. Williams,TE
2011,142,Karl Klug,DT
2011,143,Josh Thomas,DB
2011,144,Shiloh Keo,DB
2011,145,Jacquizz Rodgers,RB
2011,146,DeJon Gomes,DB
2011,147,Rod Issac,DB
2011,148,Denarius Moore,WR
2011,149,Dion Lewis,RB
2011,150,Jason Pinkston,T
2011,151,Ahmad Black,DB
2011,152,T.J. Yates,QB
2011,153,Jeremy Kerley,WR
2011,154,Richard Sherman,DB
2011,155,Niles Paul,WR
2011,156,Mark LeGree,DB
2011,157,Doug Hogue,LB
2011,158,Jermale Hines,DB
2011,159,Lee Smith,TE
2011,160,Nathan Enderle,QB
2011,161,Julian Vandervelde,G
2011,162,Chris Carter,LB
2011,163,Daniel Kilgore,G
2011,164,Chykie Brown,DB
2011,165,Pernell McPhee,DE
2011,166,Lawrence Wilson,LB
2011,167,Ryan Whalen,WR
2011,168,Demarcus Love,OL
2011,169,Chris White,LB
2011,170,Mistral Raymond,DB
2011,171,Quan Sturdivant,LB
2011,172,Brandon Fusco,C
2011,173,Byron Maxwell,DB
2011,174,Charles Clay,TE
2011,175,Byron Stingily,T
2011,176,Dwayne Harris,WR
2011,177,Evan Royster,RB
2011,178,Aldrick Robinson,WR
2011,179,Caleb Schlauderaff,G
2011,180,Tyrod Taylor,QB
2011,181,Richard Gordon,TE
2011,182,Ronald Johnson,WR
2011,183,Jordan Todman,RB
2011,184,David Carter,DT
2011,185,Greg Jones,LB
2011,186,D.J. Smith,LB
2011,187,Allen Bradford,RB
2011,188,Chris Rucker,DB
2011,189,Mike Mohamed,LB
2011,190,Colin Jones,DB
2011,191,Jason Kelce,C
2011,192,Matthew Bosher,K
2011,193,Brian Rolle,LB
2011,194,Markell Carter,LB
2011,195,J.T. Thomas,LB
2011,196,Keith Williams,G
2011,197,Ricky Elmore,DL
2011,198,Tyler Sash,DB
2011,199,Jerrell Powe,DT
2011,200,Ross Homan,LB
2011,201,Stephen Schilling,G
2011,202,Jacquian Williams,LB
2011,203,Zachary Williams,OL
2011,204,Virgil Green,TE
2011,205,Pep Levingston,DL
2011,206,Justin Rogers,DB
2011,207,Korey Lindsey,DB
2011,208,Greg McElroy,QB
2011,209,Johnny Culbreath,OL
2011,210,Andrew Jackson,OL
2011,211,Bruce Miller,DE
2011,212,Zach Clayton,DT
2011,213,Brandyn Thompson,DB
2011,214,Derek Newton,T
2011,215,D'Aundre Reed,DE
2011,216,Mikail Baker,DB
2011,217,Maurice Hurt,G
2011,218,Ryan Taylor,TE
2011,219,Malcolm Williams,DB
2011,220,Shaun Chapas,RB
2011,221,Da'Rel Scott,RB
2011,222,Anthony Gaitor,DB
2011,223,Shane Bannon,RB
2011,224,Markus White,DE
2011,225,Anthony Allen,RB
2011,226,Greg Romeus,DL
2011,227,Scotty McKnight,WR
2011,228,Jabara Williams,LB
2011,229,Jonathan Nelson,DB
2011,230,Cliff Matthews,DE
2011,231,Frank Kearse,DT
2011,232,Baron Batch,RB
2011,233,Lawrence Guy,DT
2011,234,Andrew Gachkar,LB
2011,235,Jimmy Wilson,DB
2011,236,Stephen Burton,WR
2011,237,Greg Lloyd,LB
2011,238,Daniel Hardy,TE
2011,239,Michael Person,G
2011,240,Stanley Havili,RB
2011,241,David Ausberry,WR
2011,242,Malcolm Smith,LB
2011,243,Nate Bussey,LB
2011,244,Lee Ziemba,T
2011,245,Michael Jasper,DT
2011,246,Jay Finley,RB
2011,247,Jeremy Beal,DL
2011,248,Eric Hagg,DB
2011,249,DeMarco Sampson,WR
2011,250,Curtis Holcomb,DB
2011,251,Tommie Campbell,DB
2011,252,Bill Nagy,G
2011,253,Chris Neild,DT
2011,254,Cheta Ozougwu,DE
2011,1,Terrelle Pryor,QB
2012,1,Andrew Luck,QB
2012,2,Robert Griffin III,QB
2012,3,Trent Richardson,RB
2012,4,Matt Kalil,T
2012,5,Justin Blackmon,WR
2012,6,Morris Claiborne,DB
2012,7,Mark Barron,DB
2012,8,Ryan Tannehill,QB
2012,9,Luke Kuechly,LB
2012,10,Stephon Gilmore,DB
2012,11,Dontari Poe,DT
2012,12,Fletcher Cox,DT
2012,13,Michael Floyd,WR
2012,14,Michael Brockers,DT
2012,15,Bruce Irvin,DE
2012,16,Quinton Coples,DE
2012,17,Dre Kirkpatrick,DB
2012,18,Melvin Ingram,DE
2012,19,Shea McClellin,DE
2012,20,Kendall Wright,WR
2012,21,Chandler Jones,DE
2012,22,Brandon Weeden,QB
2012,23,Riley Reiff,T
2012,24,David DeCastro,G
2012,25,Dont'a Hightower,LB
2012,26,Whitney Mercilus,DE
2012,27,Kevin Zeitler,G
2012,28,Nick Perry,DE
2012,29,Harrison Smith,DB
2012,30,A.J. Jenkins,WR
2012,31,Doug Martin,RB
2012,32,David Wilson,RB
2012,33,Brian Quick,WR
2012,34,Coby Fleener,TE
2012,35,Courtney Upshaw,LB
2012,36,Derek Wolfe,DT
2012,37,Mitchell Schwartz,T
2012,38,Andre Branch,LB
2012,39,Jackrabbit Jenkins,DB
2012,40,Amini Silatolu,G
2012,41,Cordy Glenn,G
2012,42,Jonathan Martin,T
2012,43,Stephen Hill,WR
2012,44,Jeff Allen,T
2012,45,Alshon Jeffery,WR
2012,46,Mychal Kendricks,LB
2012,47,Bobby Wagner,LB
2012,48,Tavon Wilson,DB
2012,49,Kendall Reyes,DT
2012,50,Isaiah Pead,RB
2012,51,Jerel Worthy,DT
2012,52,Zach Brown,LB
2012,53,Devon Still,DT
2012,54,Ryan Broyles,WR
2012,55,Peter Konz,C
2012,56,Mike Adams,T
2012,57,Brock Osweiler,QB
2012,58,Lavonte David,LB
2012,59,Vinny Curry,DE
2012,60,Kelechi Osemele,T
2012,61,LaMichael James,RB
2012,62,Casey Hayward,DB
2012,63,Rueben Randle,WR
2012,64,Dwayne Allen,TE
2012,65,Trumaine Johnson,DB
2012,66,Josh Robinson,DB
2012,67,Ronnie Hillman,RB
2012,68,DeVier Posey,WR
2012,69,T.J. Graham,WR
2012,70,Bryan Anger,P
2012,71,Josh LeRibeus,G
2012,72,Olivier Vernon,LB
2012,73,Brandon Taylor,DB
2012,74,Donald Stephenson,T
2012,75,Russell Wilson,QB
2012,76,Brandon Brooks,G
2012,77,Demario Davis,LB
2012,78,Michael Egnew,TE
2012,79,Brandon Hardin,DB
2012,80,Jamell Fleming,DB
2012,81,Tyrone Crawford,DE
2012,82,Mike Martin,DT
2012,83,Mohamed Sanu,WR
2012,84,Bernard Pierce,RB
2012,85,Bill Bentley,DB
2012,86,Sean Spence,LB
2012,87,John Hughes,DT
2012,88,Nick Foles,QB
2012,89,Akiem Hicks,DE
2012,90,Jake Bequette,DE
2012,91,Lamar Holmes,T
2012,92,T.Y. Hilton,WR
2012,93,Brandon Thompson,DT
2012,94,Jayron Hosley,DB
2012,95,Tony Bergstrom,T
2012,96,Chris Givens,WR
2012,97,Lamar Miller,RB
2012,98,Gino Gradkowski,G
2012,99,Ben Jones,C
2012,100,Travis Benjamin,WR
2012,101,Omar Bolden,DB
2012,102,Kirk Cousins,QB
2012,103,Frank Alexander,DE
2012,104,Joe Adams,WR
2012,105,Nigel Bradham,LB
2012,106,Robert Turbin,RB
2012,107,Devon Wylie,WR
2012,108,Philip Blake,OL
2012,109,Alameda Ta'amu,DT
2012,110,Ladarius Green,TE
2012,111,Evan Rodriguez,TE
2012,112,Bobby Massie,T
2012,113,Kyle Wilber,LB
2012,114,Jaye Howard,DT
2012,115,Coty Sensabaugh,DB
2012,116,Orson Charles,TE
2012,117,Joe Looney,G
2012,118,Jarius Wright,WR
2012,119,Keenan Robinson,LB
2012,120,James-Michael Johnson,LB
2012,121,Keshawn Martin,WR
2012,122,Nick Toon,WR
2012,123,Brandon Boykin,DB
2012,124,Ron Brooks,DB
2012,125,Ronnell Lewis,LB
2012,126,Jared Crick,DE
2012,127,Adrien Robinson,TE
2012,128,Rhett Ellison,RB
2012,129,Miles Burris,LB
2012,130,Christian Thompson,DB
2012,131,Brandon Mosley,T
2012,132,Mike Daniels,DT
2012,133,Jerron McMillian,DB
2012,134,Greg Childs,WR
2012,135,Matt Johnson,DB
2012,136,Josh Chapman,NT
2012,137,Malik Jackson,DT
2012,138,Tahir Whitehead,LB
2012,139,Robert Blanton,DB
2012,140,Najee Goode,LB
2012,141,Adam Gettis,G
2012,142,Brandon Marshall,LB
2012,143,Josh Norman,DB
2012,144,Zebrie Sanders,OL
2012,145,Taylor Thompson,TE
2012,146,DeQuan Menzie,DB
2012,147,Tank Carder,LB
2012,148,Chris Greenwood,DB
2012,149,Johnnie Troutman,G
2012,150,Rokevious Watkins,G
2012,151,Senio Kelemete,G
2012,152,Danny Coale,WR
2012,153,Dennis Kelly,T
2012,154,Korey Toomer,LB
2012,155,Josh Kaddu,LB
2012,156,Shaun Prater,DB
2012,157,Bradie Ewing,RB
2012,158,Jack Crawford,DE
2012,159,Chris Rainey,RB
2012,160,Ryan Miller,G
2012,161,Randy Bullock,K
2012,162,Corey White,DB
2012,163,Terrell Manning,LB
2012,164,Jonathan Massaquoi,DE
2012,165,Darius Fleming,LB
2012,166,Marvin Jones,WR
2012,167,George Iloka,DB
2012,168,Juron Criner,WR
2012,169,Asa Jackson,DB
2012,170,Vick Ballard,RB
2012,171,Greg Zuerlein,K
2012,172,Jeremy Lane,DB
2012,173,Alfred Morris,RB
2012,174,Keith Tandy,DB
2012,175,Blair Walsh,K
2012,176,Mike Harris,DB
2012,177,Justin Bethel,DB
2012,178,Mark Asper,G
2012,179,Andrew Tiller,G
2012,180,Trent Robinson,DB
2012,181,Winston Guy,DB
2012,182,Cyrus Gray,RB
2012,183,B.J. Cunningham,WR
2012,184,Isaiah Frey,DB
2012,185,Ryan Lindley,QB
2012,186,James Hanna,TE
2012,187,Josh Bush,DB
2012,188,Danny Trevathan,LB
2012,189,Christo Bilukidi,DE
2012,190,Markelle Martin,DB
2012,191,Dan Herron,RB
2012,192,Charles Mitchell,DB
2012,193,Tom Compton,T
2012,194,Marvin McNutt,WR
2012,195,Nick Mondek,OL
2012,196,Jonte Green,DB
2012,197,Nate Ebner,DB
2012,198,Tommy Streeter,WR
2012,199,Jason Slowey,OL
2012,200,Brandon Washington,G
2012,201,Matt McCants,T
2012,202,Terrance Ganaway,RB
2012,203,Robert Griffin,OL
2012,204,Emmanuel Acho,LB
2012,205,Billy Winn,DT
2012,206,LaVon Brazill,WR
2012,207,Brad Nortman,P
2012,208,Justin Anderson,OL
2012,209,Aaron Brown,LB
2012,210,Audie Cole,LB
2012,211,Scott Solomon,DE
2012,212,Michael Smith,RB
2012,213,Richard Crawford,DB
2012,214,Tim Fugger,DE
2012,215,Kheeston Randall,DT
2012,216,D.J. Campbell,DB
2012,217,Jordan Bernstine,DB
2012,218,Jerome Long,DT
2012,219,Trevor Guyton,DE
2012,220,Greg McCoy,DB
2012,221,Nate Potter,T
2012,222,Caleb McSurdy,LB
2012,223,Travis Lewis,LB
2012,224,Alfonzo Dennard,DB
2012,225,J.R. Sweezy,DT
2012,226,David Molk,C
2012,227,Rishard Matthews,WR
2012,228,Jeris Pendleton,DT
2012,229,Bryce Brown,RB
2012,230,Nathan Stupar,LB
2012,231,Toney Clemons,WR
2012,232,Greg Scruggs,DE
2012,233,Drake Dunsmore,TE
2012,234,Marcel Jones,OL
2012,235,Jeremy Ebert,WR
2012,236,DeAngelo Tyson,DT
2012,237,Cam Johnson,DE
2012,238,Junior Hemingway,WR
2012,239,Markus Kuhn,DT
2012,240,David Paulson,TE
2012,241,Andrew Datko,OL
2012,242,Antonio Allen,DB
2012,243,B.J. Coleman,QB
2012,244,Jordan White,WR
2012,245,Trevin Wade,DB
2012,246,Terrence Frederick,DB
2012,247,Brad Smelley,TE
2012,248,Kelvin Beachum,T
2012,249,Travian Robertson,DT
2012,250,Edwin Baker,RB
2012,251,John Potter,K
2012,252,Daryl Richardson,RB
2012,253,Chandler Harnish,QB
2012,1,Josh Gordon,WR
2013,1,Eric Fisher,T
2013,2,Luke Joeckel,T
2013,3,Dion Jordan,DE
2013,4,Lane Johnson,T
2013,5,Ezekiel Ansah,DE
2013,6,Barkevious Mingo,LB
2013,7,Jonathan Cooper,G
2013,8,Tavon Austin,WR
2013,9,Dee Milliner,DB
2013,10,Chance Warmack,G
2013,11,D.J. Fluker,T
2013,12,D.J. Hayden,DB
2013,13,Sheldon Richardson,DT
2013,14,Star Lotulelei,DT
2013,15,Kenny Vaccaro,DB
2013,16,EJ Manuel,QB
2013,17,Jarvis Jones,LB
2013,18,Eric Reid,DB
2013,19,Justin Pugh,T
2013,20,Kyle Long,G
2013,21,Tyler Eifert,TE
2013,22,Desmond Trufant,DB
2013,23,Sharrif Floyd,DT
2013,24,Bjoern Werner,DE
2013,25,Xavier Rhodes,DB
2013,26,Datone Jones,DE
2013,27,DeAndre Hopkins,WR
2013,28,Sylvester Williams,DT
2013,29,Cordarrelle Patterson,WR
2013,30,Alec Ogletree,LB
2013,31,Travis Frederick,C
2013,32,Matt Elam,DB
2013,33,Johnathan Cyprien,DB
2013,34,Justin Hunter,WR
2013,35,Zach Ertz,TE
2013,36,Darius Slay,DB
2013,37,Giovani Bernard,RB
2013,38,Manti Te'o,LB
2013,39,Geno Smith,QB
2013,40,Tank Carradine,DE
2013,41,Robert Woods,WR
2013,42,Menelik Watson,T
2013,43,Johnthan Banks,DB
2013,44,Kawann Short,DT
2013,45,Kevin Minter,LB
2013,46,Kiko Alonso,LB
2013,47,Gavin Escobar,TE
2013,48,Le'Veon Bell,RB
2013,49,Johnathan Hankins,DT
2013,50,Jonathan Bostic,LB
2013,51,David Amerson,DB
2013,52,Jamie Collins,LB
2013,53,Margus Hunt,DE
2013,54,Jamar Taylor,DB
2013,55,Vance McDonald,TE
2013,56,Arthur Brown,LB
2013,57,D.J. Swearinger,DB
2013,58,Montee Ball,RB
2013,59,Aaron Dobson,WR
2013,60,Robert Alford,DB
2013,61,Eddie Lacy,RB
2013,62,Christine Michael,RB
2013,63,Travis Kelce,TE
2013,64,Dwayne Gratz,DB
2013,65,Larry Warford,G
2013,66,Sio Moore,LB
2013,67,Bennie Logan,DT
2013,68,Leon McFadden,DB
2013,69,Tyrann Mathieu,DB
2013,70,Blidi Wreh-Wilson,DB
2013,71,T.J. McDonald,DB
2013,72,Brian Winters,G
2013,73,Mike Glennon,QB
2013,74,Terrance Williams,WR
2013,75,Terron Armstead,T
2013,76,Keenan Allen,WR
2013,77,Dallas Thomas,T
2013,78,Marquise Goodwin,WR
2013,79,Markus Wheaton,WR
2013,80,J.J. Wilcox,DB
2013,81,Damontre Moore,DE
2013,82,John Jenkins,DT
2013,83,Logan Ryan,DB
2013,84,Shawn Williams,DB
2013,85,Jordan Reed,TE
2013,86,Hugh Thornton,G
2013,87,Jordan Hill,DT
2013,88,Corey Lemonier,DE
2013,89,Brennan Williams,OL
2013,90,Kayvon Webster,DB
2013,91,Duron Harmon,DB
2013,92,Stedman Bailey,WR
2013,93,Will Davis,DB
2013,94,Brandon Williams,DT
2013,95,Sam Montgomery,DE
2013,96,Knile Davis,RB
2013,97,Zaviar Gooden,LB
2013,98,Matt Barkley,QB
2013,99,Nico Johnson,LB
2013,100,Akeem Spence,DT
2013,101,Ace Sanders,WR
2013,102,Josh Boyce,WR
2013,103,Alex Okafor,DE
2013,104,Jelani Jenkins,LB
2013,105,Duke Williams,DB
2013,106,Dion Sims,TE
2013,107,Brian Schwenke,C
2013,108,Edmund Kugbila,OL
2013,109,David Bakhtiari,T
2013,110,Ryan Nassib,QB
2013,111,Shamarko Thomas,DB
2013,112,Tyler Wilson,QB
2013,113,Barrett Jones,G
2013,114,B.W. Webb,DB
2013,115,Landry Jones,QB
2013,116,Earl Watford,G
2013,117,Khaseem Greene,LB
2013,118,Sean Porter,LB
2013,119,Phillip Thomas,DB
2013,120,Gerald Hodges,LB
2013,121,Khaled Holmes,C
2013,122,J.C. Tretter,T
2013,123,Chris Harper,WR
2013,124,Trevardo Williams,DE
2013,125,Johnathan Franklin,RB
2013,126,William Gholston,DE
2013,127,Malliciah Goodman,DE
2013,128,Quinton Patton,WR
2013,129,John Simon,DE
2013,130,Kyle Juszczyk,RB
2013,131,Marcus Lattimore,RB
2013,132,Devin Taylor,DE
2013,133,Levine Toilolo,TE
2013,134,Sanders Commings,DB
2013,135,Denard Robinson,WR
2013,136,Earl Wolff,DB
2013,137,Jesse Williams,DT
2013,138,Tharold Simon,DB
2013,139,Montori Hughes,DT
2013,140,Stepfan Taylor,RB
2013,141,Oday Aboushi,T
2013,142,Lavar Edwards,DE
2013,143,Jonathan Meeks,DB
2013,144,Kenny Stills,WR
2013,145,Steve Williams,DB
2013,146,Quanterus Smith,DE
2013,147,Steven Means,DE
2013,148,A.J. Klein,LB
2013,149,Brandon McGee,DB
2013,150,Terry Hawthorne,DB
2013,151,Joseph Randle,RB
2013,152,Cooper Taylor,DB
2013,153,Stansly Maponga,DE
2013,154,Chris Thompson,RB
2013,155,Jeff Locke,P
2013,156,Tanner Hawkinson,T
2013,157,Quinton Dial,DE
2013,158,Luke Willson,TE
2013,159,Micah Hyde,DB
2013,160,Zac Stacy,RB
2013,161,Tavarres King,WR
2013,162,Brandon Jenkins,DE
2013,163,Jordan Mills,T
2013,164,Mike Gillislee,RB
2013,165,Sam Martin,P
2013,166,Caleb Sturgis,K
2013,167,Josh Boyd,DE
2013,168,Ricky Wagner,T
2013,169,Josh Evans,DB
2013,170,Eric Kush,C
2013,171,Corey Fuller,WR
2013,172,Nick Kasa,TE
2013,173,Vinston Painter,G
2013,174,Ryan Swope,WR
2013,175,Jamoris Slaughter,DB
2013,176,David Quessenberry,OL
2013,177,Dustin Hopkins,K
2013,178,William Campbell,OL
2013,179,Tourek Williams,DE
2013,180,Nick Moody,LB
2013,181,Latavius Murray,RB
2013,182,Kenjon Barner,RB
2013,183,Rufus Johnson,DE
2013,184,Mychal Rivera,TE
2013,185,DeVonte Holloman,LB
2013,186,Justin Brown,WR
2013,187,Andre Ellington,RB
2013,188,Cornelius Washington,LB
2013,189,Mike James,RB
2013,190,Rex Burkhead,RB
2013,191,Bacarri Rambo,DB
2013,192,John Boyett,DB
2013,193,Nate Palmer,LB
2013,194,Spencer Ware,RB
2013,195,Alan Bonner,WR
2013,196,Jeff Baca,G
2013,197,Cobi Hamilton,WR
2013,198,Chris Jones,DT
2013,199,Theo Riddick,RB
2013,200,Kapron Lewis-Moore,DE
2013,201,Ryan Griffin,TE
2013,202,Khalid Wooten,DB
2013,203,Ryan Jensen,T
2013,204,Braden Wilson,FB
2013,205,Stacy McGee,DT
2013,206,Vince Williams,LB
2013,207,Mike Catapano,DE
2013,208,Jeremy Harris,DB
2013,209,Brice Butler,WR
2013,210,Demetrius McCray,DB
2013,211,Michael Williams,TE
2013,212,Joe Kruger,DE
2013,213,Michael Mauti,LB
2013,214,Travis Bond,G
2013,215,Tommy Bohanon,RB
2013,216,Charles Johnson,WR
2013,217,Armonty Bryant,DE
2013,218,Jordan Poyer,DB
2013,219,D.C. Jefferson,TE
2013,220,Ryan Seymour,G
2013,221,Brad Sorensen,QB
2013,222,Chris Gragg,TE
2013,223,Nick Williams,DT
2013,224,Kevin Dorsey,WR
2013,225,Eric Herman,OL
2013,226,Michael Buchanan,DE
2013,227,Garrett Gilkey,T
2013,228,Jawan Jamison,RB
2013,229,Everett Dawkins,DT
2013,230,Kerwynn Williams,RB
2013,231,Ty Powell,DE
2013,232,Sam Barrington,LB
2013,233,David Bass,DE
2013,234,Zac Dysert,QB
2013,235,Steve Beauharnais,LB
2013,236,Marquess Wilson,WR
2013,237,B.J. Daniels,QB
2013,238,Aaron Mellette,WR
2013,239,David King,DE
2013,240,Reid Fragel,OL
2013,241,Jared Smith,DT
2013,242,Michael Bowie,T
2013,243,Kemal Ishmael,DB
2013,244,Zeke Motta,DB
2013,245,Brandon Hepburn,LB
2013,246,Carter Bykowski,OL
2013,247,Marc Anthony,DB
2013,248,Daimion Stafford,DB
2013,249,Sean Renfree,QB
2013,250,Don Jones,DB
2013,251,T.J. Johnson,C
2013,252,Marcus Cooper,DB
2013,253,Michael Cox,RB
2013,254,Justice Cunningham,TE
2014,1,Jadeveon Clowney,DE
2014,2,Greg Robinson,T
2014,3,Blake Bortles,QB
2014,4,Sammy Watkins,WR
2014,5,Khalil Mack,LB
2014,6,Jake Matthews,T
2014,7,Mike Evans,WR
2014,8,Justin Gilbert,DB
2014,9,Anthony Barr,LB
2014,10,Eric Ebron,TE
2014,11,Taylor Lewan,T
2014,12,Odell Beckham Jr.,WR
2014,13,Aaron Donald,DT
2014,14,Kyle Fuller,DB
2014,15,Ryan Shazier,LB
2014,16,Zack Martin,G
2014,17,C.J. Mosley,LB
2014,18,Calvin Pryor,DB
2014,19,Ja'Wuan James,T
2014,20,Brandin Cooks,WR
2014,21,Ha Ha Clinton-Dix,DB
2014,22,Johnny Manziel,QB
2014,23,Dee Ford,LB
2014,24,Darqueze Dennard,DB
2014,25,Jason Verrett,DB
2014,26,Marcus Smith,LB
2014,27,Deone Bucannon,DB
2014,28,Kelvin Benjamin,WR
2014,29,Dominique Easley,DT
2014,30,Jimmie Ward,DB
2014,31,Bradley Roby,DB
2014,32,Teddy Bridgewater,QB
2014,33,Xavier Su'a-Filo,G
2014,34,DeMarcus Lawrence,DE
2014,35,Joel Bitonio,G
2014,36,Derek Carr,QB
2014,37,Ra'Shede Hageman,DT
2014,38,Austin Seferian-Jenkins,TE
2014,39,Marqise Lee,WR
2014,40,Kyle Van Noy,LB
2014,41,Lamarcus Joyner,DB
2014,42,Jordan Matthews,WR
2014,43,Weston Richburg,OL
2014,44,Cyrus Kouandjio,T
2014,45,Paul Richardson,WR
2014,46,Stephon Tuitt,DE
2014,47,Trent Murphy,LB
2014,48,Timmy Jernigan,DT
2014,49,Jace Amaro,TE
2014,50,Jeremiah Attaochu,LB
2014,51,Ego Ferguson,DT
2014,52,Troy Niklas,TE
2014,53,Davante Adams,WR
2014,54,Bishop Sankey,RB
2014,55,Jeremy Hill,RB
2014,56,Cody Latimer,WR
2014,57,Carlos Hyde,RB
2014,58,Stanley Jean-Baptiste,DB
2014,59,Jack Mewhort,T
2014,60,Kony Ealy,DE
2014,61,Allen Robinson,WR
2014,62,Jimmy Garoppolo,QB
2014,63,Jarvis Landry,WR
2014,64,Justin Britt,T
2014,65,C.J. Fiedorowicz,TE
2014,66,Morgan Moses,OL
2014,67,Billy Turner,T
2014,68,Dezmen Southward,DB
2014,69,Charles Sims,RB
2014,70,Marcus Martin,C
2014,71,Christian Kirksey,LB
2014,72,Scott Crichton,DE
2014,73,Preston Brown,LB
2014,74,Jay Bromley,DT
2014,75,Tre Mason,RB
2014,76,Travis Swanson,C
2014,77,Chris Borland,LB
2014,78,Spencer Long,G
2014,79,Terrence Brooks,DB
2014,80,Dexter McDougle,DB
2014,81,Gabe Jackson,G
2014,82,Will Sutton,DT
2014,83,Louis Nix,DT
2014,84,Kareem Martin,DE
2014,85,Khyri Thornton,DT
2014,86,Josh Huff,WR
2014,87,Phillip Gaines,DB
2014,88,Will Clarke,DE
2014,89,Chris Watt,G
2014,90,Donte Moncrief,WR
2014,91,John Brown,WR
2014,92,Trai Turner,OL
2014,93,Brandon Linder,OL
2014,94,Terrance West,RB
2014,95,Michael Schofield,OL
2014,96,Jerick McKinnon,RB
2014,97,Dri Archer,WR
2014,98,Richard Rodgers,TE
2014,99,Crockett Gillmore,TE
2014,100,Brandon Thomas,OL
2014,101,Jaylen Watkins,DB
2014,102,Bashaud Breeland,DB
2014,103,Devonta Freeman,RB
2014,104,Jalen Saunders,WR
2014,105,Bryan Stork,C
2014,106,Bruce Ellington,WR
2014,107,Justin Ellis,DT
2014,108,Cassius Marsh,DE
2014,109,Ross Cockrell,DB
2014,110,Maurice Alexander,DB
2014,111,Russell Bodine,C
2014,112,DaQuan Jones,DT
2014,113,Andre Williams,RB
2014,114,Aaron Colvin,DB
2014,115,Shaquelle Evans,WR
2014,116,Keith McGill,DB
2014,117,Ka'Deem Carey,RB
2014,118,Martavis Bryant,WR
2014,119,Anthony Hitchens,LB
2014,120,Logan Thomas,QB
2014,121,Carl Bradford,LB
2014,122,Marqueston Huff,DB
2014,123,Kevin Norwood,WR
2014,124,De'Anthony Thomas,RB
2014,125,Walt Aikens,DB
2014,126,Khairi Fortt,LB
2014,127,Pierre Desir,DB
2014,128,Tre Boston,DB
2014,129,Dontae Johnson,DB
2014,130,James White,RB
2014,131,Brock Vereen,DB
2014,132,Kevin Pierre-Louis,LB
2014,133,Nevin Lawson,DB
2014,134,Brent Urban,DT
2014,135,Tom Savage,QB
2014,136,Larry Webster,DE
2014,137,Dakota Dozier,OL
2014,138,Lorenzo Taliaferro,RB
2014,139,Prince Shembo,LB
2014,140,Cameron Fleming,T
2014,141,Taylor Hart,DE
2014,142,Ryan Grant,WR
2014,143,Kadeem Edwards,OL
2014,144,Telvin Smith,LB
2014,145,David Yankey,OL
2014,146,Devin Street,WR
2014,147,Ricardo Allen,DB
2014,148,Bene Benwikere,DB
2014,149,Kevin Pamphile,T
2014,150,Aaron Lynch,DE
2014,151,Avery Williamson,LB
2014,152,Nat Berhe,DB
2014,153,Cyril Richardson,G
2014,154,Jeremiah George,LB
2014,155,Arthur Lynch,TE
2014,156,Lamin Barrow,LB
2014,157,Shaquille Richardson,DB
2014,158,Caraun Reid,DT
2014,159,Chris Smith,DE
2014,160,Ed Stinson,DE
2014,161,Corey Linsley,C
2014,162,Ed Reynolds,DB
2014,163,Aaron Murray,QB
2014,164,A.J. McCarron,QB
2014,165,Ryan Carrethers,DT
2014,166,Jonathan Newsome,LB
2014,167,Vinnie Sunseri,DB
2014,168,Marquis Spruill,LB
2014,169,Ronald Powell,LB
2014,170,Keith Reaser,DB
2014,171,Jordan Tripp,LB
2014,172,Jimmy Staten,DT
2014,173,Wesley Johnson,OL
2014,174,Devon Kennard,DE
2014,175,John Urschel,G
2014,176,Jared Abbrederis,WR
2014,177,Jeoffrey Pagan,DE
2014,178,Zach Mettenberger,QB
2014,179,Jon Halapio,OL
2014,180,Kenneth Acker,DB
2014,181,Alfred Blue,RB
2014,182,Antone Exum,DB
2014,183,David Fales,QB
2014,184,Kendall James,DB
2014,185,Robert Herron,WR
2014,186,Lache Seastrunk,RB
2014,187,Bennett Jackson,DB
2014,188,E.J. Gaines,DB
2014,189,T.J. Jones,WR
2014,190,Matt Hazel,WR
2014,191,Pat O'Donnell,P
2014,192,Jordan Zumwalt,LB
2014,193,Zach Fulton,G
2014,194,Keith Wenning,QB
2014,195,Brandon Dixon,DB
2014,196,Walt Powell,WR
2014,197,Demetri Goodson,DB
2014,198,Zach Moore,DE
2014,199,Garrett Scott,OL
2014,200,Laurent Duvernay-Tardif,OL
2014,201,Marion Grice,RB
2014,202,Tavon Rooks,OL
2014,203,Andrew Jackson,LB
2014,204,Tyler Gaffney,RB
2014,205,Luke Bowanko,C
2014,206,Jemea Thomas,DB
2014,207,Matt Paradis,OL
2014,208,Eric Pinkins,DB
2014,209,Quincy Enunwa,WR
2014,210,IK Enemkpali,DT
2014,211,Jay Prosch,FB
2014,212,Marquis Flowers,LB
2014,213,Tajh Boyd,QB
2014,214,Garrett Gilbert,QB
2014,215,Daniel McCullers,DT
2014,216,Andre Hal,DB
2014,217,Ted Bolser,TE
2014,218,Michael Campanaro,WR
2014,219,T.J. Carrie,DB
2014,220,Shamar Stephen,DT
2014,221,Randell Johnson,LB
2014,222,Storm Johnson,RB
2014,223,Brandon Watts,LB
2014,224,Beau Allen,DT
2014,225,Jabari Price,DB
2014,226,Mitchell Van Dyk,OL
2014,227,Kiero Small,RB
2014,228,Zach Hocker,K
2014,229,Nate Freese,K
2014,230,Rob Blanchflower,TE
2014,231,Ben Gardner,DE
2014,232,Ulrick John,OL
2014,233,Trevor Reilly,LB
2014,234,Terrence Fede,DE
2014,235,Shelby Harris,DE
2014,236,Jeff Janis,WR
2014,237,Seantrel Henderson,OL
2014,238,Will Smith,LB
2014,239,James Wright,WR
2014,240,Tevin Reese,WR
2014,241,C.B. Bryant,DB
2014,242,Corey Nelson,LB
2014,243,Kaleb Ramsey,DE
2014,244,Jeremy Gallon,WR
2014,245,Trey Millard,FB
2014,246,Charles Leno Jr.,T
2014,247,Jonathan Dowling,DB
2014,248,Ahmad Dixon,DB
2014,249,Michael Sam,DE
2014,250,Demetrius Rhaney,OL
2014,251,Ken Bishop,DT
2014,252,Lavelle Westbrooks,DB
2014,253,Yawin Smallwood,LB
2014,254,Terrance Mitchell,DB
2014,255,Tyler Starr,LB
2014,256,Lonnie Ballentine,DB
2015,1,Jameis Winston,QB
2015,2,Marcus Mariota,QB
2015,3,Dante Fowler,OLB
2015,4,Amari Cooper,WR
2015,5,Brandon Scherff,T
2015,6,Leonard Williams,DE
2015,7,Kevin White,WR
2015,8,Vic Beasley,OLB
2015,9,Ereck Flowers,T
2015,10,Todd Gurley,RB
2015,11,Trae Waynes,CB
2015,12,Danny Shelton,NT
2015,13,Andrus Peat,T
2015,14,DeVante Parker,WR
2015,15,Melvin Gordon,RB
2015,16,Kevin Johnson,CB
2015,17,Arik Armstead,DT
2015,18,Marcus Peters,CB
2015,19,Cameron Erving,C
2015,20,Nelson Agholor,WR
2015,21,Cedric Ogbuehi,T
2015,22,Bud Dupree,OLB
2015,23,Shane Ray,DE
2015,24,D.J. Humphries,T
2015,25,Shaq Thompson,OLB
2015,26,Breshad Perriman,WR
2015,27,Byron Jones,CB
2015,28,Laken Tomlinson,G
2015,29,Phillip Dorsett,WR
2015,30,Damarious Randall,S
2015,31,Stephone Anthony,ILB
2015,32,Malcom Brown,DT
2015,33,Landon Collins,S
2015,34,Donovan Smith,T
2015,35,Mario Edwards,DT
2015,36,T.J. Yeldon,RB
2015,37,Devin Smith,WR
2015,38,Preston Smith,DE
2015,39,Eddie Goldman,DT
2015,40,Dorial Green-Beckham,WR
2015,41,Devin Funchess,TE
2015,42,Jalen Collins,CB
2015,43,Benardrick McKinney,ILB
2015,44,Hau'oli Kikaha,OLB
2015,45,Eric Kendricks,ILB
2015,46,Jaquiski Tartt,S
2015,47,Eric Rowe,CB
2015,48,Denzel Perryman,ILB
2015,49,Mitch Morse,G
2015,50,Ronald Darby,CB
2015,51,Nate Orchard,DE
2015,52,Jordan Phillips,NT
2015,53,Jake Fisher,T
2015,54,Ameer Abdullah,RB
2015,55,Maxx Williams,TE
2015,56,Senquez Golson,CB
2015,57,Rob Havenstein,T
2015,58,Markus Golden,DE
2015,59,Ty Sambrailo,T
2015,60,Randy Gregory,OLB
2015,61,Ali Marpet,C
2015,62,Quinten Rollins,CB
2015,63,Frank Clark,DE
2015,64,Jordan Richards,S
2015,65,D'Joun Smith,CB
2015,66,Jeremiah Poutasi,G
2015,67,A.J. Cann,G
2015,68,Clive Walford,TE
2015,69,Tyler Lockett,WR
2015,70,Jaelen Strong,WR
2015,71,Hroniss Grasu,C
2015,72,Jamon Brown,T
2015,73,Tevin Coleman,RB
2015,74,Owamagbe Odighizuwa,DE
2015,75,Garrett Grayson,QB
2015,76,Chris Conley,WR
2015,77,Duke Johnson,RB
2015,78,P.J. Williams,CB
2015,79,Eli Harold,OLB
2015,80,Alex Carter,CB
2015,81,John Miller,G
2015,82,Lorenzo Mauldin,OLB
2015,83,Craig Mager,CB
2015,84,Jordan Hicks,OLB
2015,85,Tyler Kroft,TE
2015,86,David Johnson,RB
2015,87,Sammie Coates,WR
2015,88,Danielle Hunter,DE
2015,89,Sean Mannion,QB
2015,90,Carl Davis,DT
2015,91,Chaz Green,T
2015,92,Jeff Heuerman,TE
2015,93,Henry Anderson,DE
2015,94,Ty Montgomery,WR
2015,95,Matt Jones,RB
2015,96,Xavier Cooper,DT
2015,97,Geneo Grissom,DE
2015,98,Steven Nelson,CB
2015,99,Paul Dawson,ILB
2015,100,Angelo Blackson,DT
2015,101,Trey Flowers,DE
2015,102,Daryl Williams,G
2015,103,Bryce Petty,QB
2015,104,James Sample,S
2015,105,Jamison Crowder,WR
2015,106,Jeremy Langford,RB
2015,107,Justin Hardy,WR
2015,108,Jalston Fowler,FB
2015,109,Clayton Geathers,S
2015,110,T.J. Clemmings,T
2015,111,Tre' Jackson,G
2015,112,Arie Kouandjio,G
2015,113,Gabe Wright,DT
2015,114,Jamil Douglas,G
2015,115,Ibraheim Campbell,S
2015,116,Rodney Gunter,DT
2015,117,Blake Bell,TE
2015,118,Ramik Wilson,ILB
2015,119,Andrew Donnal,T
2015,120,Josh Shaw,CB
2015,121,Doran Grant,CB
2015,122,Za'Darius Smith,DE
2015,123,Vince Mayle,WR
2015,124,Kwon Alexander,OLB
2015,125,Javorius Allen,RB
2015,126,Mike Davis,RB
2015,127,Damien Wilson,ILB
2015,128,Jon Feliciano,G
2015,129,Jake Ryan,OLB
2015,130,Terry Poole,G
2015,131,Shaq Mason,C
2015,132,DeAndre Smelter,WR
2015,133,Max Garcia,C
2015,134,Mark Glowinski,G
2015,135,Marcus Hardison,DE
2015,136,Tray Walker,CB
2015,137,Grady Jarrett,NT
2015,138,David Cobb,RB
2015,139,Rashad Greene,WR
2015,140,Ben Heeney,ILB
2015,141,Martrell Spaight,OLB
2015,142,Adrian Amos,S
2015,143,MyCole Pruitt,TE
2015,144,Mykkele Thompson,S
2015,145,Bobby McCain,CB
2015,146,Stefon Diggs,WR
2015,147,Brett Hundley,QB
2015,148,Davis Tull,OLB
2015,149,Jay Ajayi,RB
2015,150,Cedric Thompson,S
2015,151,David Parry,NT
2015,152,Jarvis Harrison,G
2015,153,Kyle Emanuel,OLB
2015,154,Tyeler Davison,DT
2015,155,Karlos Williams,RB
2015,156,Tony Lippett,WR
2015,157,C.J. Uzomah,TE
2015,158,Shaquille Riddick,DE
2015,159,JJ Nelson,WR
2015,160,Jesse James,TE
2015,161,Neiron Ball,OLB
2015,162,Kenny Bell,WR
2015,163,Ryan Russell,DE
2015,164,Lorenzo Doss,CB
2015,165,Bradley Pinion,P
2015,166,Joe Cardona,LS
2015,167,Damian Swann,CB
2015,168,Michael Burton,FB
2015,169,David Mayo,LB
2015,170,Tye Smith,CB
2015,171,Nick Boyle,TE
2015,172,D.J. Alexander,OLB
2015,173,James O'Shaughnessy,TE
2015,174,Cameron Artis-Payne,RB
2015,175,Keith Mumphery,WR
2015,176,Robert Myers,G
2015,177,Deiontrez Mount,OLB
2015,178,Matthew Wells,LB
2015,179,Max Valles,OLB
2015,180,Michael Bennett,DT
2015,181,Kyshoen Jarrett,S
2015,182,Tevin Mitchel,CB
2015,183,Tayo Fabuluje,T
2015,184,Kaelin Clay,WR
2015,185,Tyrus Thompson,T
2015,186,Geremy Davis,WR
2015,187,Evan Spencer,WR
2015,188,Tony Steward,OLB
2015,189,Charles Gaines,CB
2015,190,Ian Silberman,G
2015,191,JaCorey Shepherd,CB
2015,192,Darius Philon,DT
2015,193,B.J. Dubose,DE
2015,194,Nick O'Leary,TE
2015,195,Malcolm Johnson,TE
2015,196,Randall Evans,CB
2015,197,Derron Smith,S
2015,198,Randall Telfer,TE
2015,199,Leterrius Walton,DT
2015,200,Quandre Diggs,CB
2015,201,Bud Sasser,WR
2015,202,A.J. Derby,TE
2015,203,Darius Kilgo,NT
2015,204,Darren Waller,WR
2015,205,Josh Robinson,RB
2015,206,Aaron Ripkowski,FB
2015,207,Amarlo Herrera,ILB
2015,208,Andy Gallik,C
2015,209,Obum Gwacham,DE
2015,210,Christian Ringo,DE
2015,211,Reshard Cliett,OLB
2015,212,Anthony Chickillo,DE
2015,213,Kennard Backman,TE
2015,214,Kristjan Sokoli,DT
2015,215,Cody Wichmann,G
2015,216,Christian Covington,DT
2015,217,Rakeem Nunez-Roches,DT
2015,218,Anthony Morris,OL
2015,219,Hayes Pullard,ILB
2015,220,Neal Sterling,WR
2015,221,Andre Debose,WR
2015,222,Austin Reiter,C
2015,223,Deon Simon,NT
2015,224,Bryce Hager,ILB
2015,225,Jake Rodgers,T
2015,226,Bobby Hart,G
2015,227,Martin Ifedi,DE
2015,228,Austin Shepherd,T
2015,229,Ben Koyack,TE
2015,230,Marcus Murphy,RB
2015,231,Joey Iosefa,FB
2015,232,Edmond Robinson,OLB
2015,233,Da'Ron Brown,WR
2015,234,Dezmin Lewis,WR
2015,235,Kenny Hilliard,RB
2015,236,Mark Nzeocha,OLB
2015,237,Brian Mihalik,DE
2015,238,Mario Alford,WR
2015,239,Gerod Holliman,S
2015,240,Corey Robinson,T
2015,241,Ifo Ekpre-Olomu,CB
2015,242,Dexter McDonald,CB
2015,243,Laurence Gibson,T
2015,244,Trent Brown,G
2015,245,Tre McBride,WR
2015,246,Geoff Swaim,TE
2015,247,Darryl Roberts,CB
2015,248,Ryan Murphy,DB
2015,249,Akeem King,DB
2015,250,Trevor Siemian,QB
2015,251,Taurean Nixon,DB
2015,252,Josh Furman,DB
2015,253,Xzavier Dickson,OLB
2015,254,Rory Anderson,TE
2015,255,Denzelle Good,T
2015,256,Gerald Christian,TE
2015,1,Isaiah Battle,T
2016,1,Jared Goff,QB
2016,2,Carson Wentz,QB
2016,3,Joey Bosa,DE
2016,4,Ezekiel Elliott,RB
2016,5,Jalen Ramsey,CB
2016,6,Ronnie Stanley,T
2016,7,DeForest Buckner,DE
2016,8,Jack Conklin,T
2016,9,Leonard Floyd,OLB
2016,10,Eli Apple,CB
2016,11,Vernon Hargreaves III,CB
2016,12,Sheldon Rankins,DT
2016,13,Laremy Tunsil,T
2016,14,Karl Joseph,S
2016,15,Corey Coleman,WR
2016,16,Taylor Decker,T
2016,17,Keanu Neal,S
2016,18,Ryan Kelly,C
2016,19,Shaq Lawson,DE
2016,20,Darron Lee,OLB
2016,21,Will Fuller,WR
2016,22,Josh Doctson,WR
2016,23,Laquon Treadwell,WR
2016,24,William Jackson III,CB
2016,25,Artie Burns,CB
2016,26,Paxton Lynch,QB
2016,27,Kenny Clark,DT
2016,28,Joshua Garnett,G
2016,29,Robert Nkemdiche,DT
2016,30,Vernon Butler,DT
2016,31,Germain Ifedi,G
2016,32,Emmanuel Ogbah,DE
2016,33,Kevin Dodd,DE
2016,34,Jaylon Smith,OLB
2016,35,Hunter Henry,TE
2016,36,Myles Jack,OLB
2016,37,Chris Jones,DT
2016,38,Xavien Howard,CB
2016,39,Noah Spence,DE
2016,40,Sterling Shepard,WR
2016,41,Reggie Ragland,ILB
2016,42,Kamalei Correa,DE
2016,43,Austin Johnson,NT
2016,44,Jihad Ward,DE
2016,45,Derrick Henry,RB
2016,46,A'Shawn Robinson,DT
2016,47,Michael Thomas,WR
2016,48,Jason Spriggs,T
2016,49,Jarran Reed,DT
2016,50,Nick Martin,G
2016,51,Christian Hackenberg,QB
2016,52,Deion Jones,OLB
2016,53,Su'a Cravens,OLB
2016,54,Mackensie Alexander,CB
2016,55,Tyler Boyd,WR
2016,56,Cody Whitehair,G
2016,57,T.J. Green,S
2016,58,Sean Davis,CB
2016,59,Roberto Aguayo,K
2016,60,Cyrus Jones,CB
2016,61,Vonn Bell,S
2016,62,James Bradberry,CB
2016,63,Adam Gotsis,DT
2016,64,Kevin Byard,S
2016,65,Carl Nassib,DE
2016,66,Max Tuerk,C
2016,67,Maliek Collins,DT
2016,68,Will Redmond,CB
2016,69,Yannick Ngakoue,DE
2016,70,Bronson Kaufusi,DE
2016,71,Darian Thompson,S
2016,72,Jonathan Bullard,DT
2016,73,Kenyan Drake,RB
2016,74,KeiVarae Russell,CB
2016,75,Shilique Calhoun,DE
2016,76,Shon Coleman,T
2016,77,Daryl Worley,CB
2016,78,Joe Thuney,G
2016,79,Isaac Seumalo,G
2016,80,Adolphus Washington,DT
2016,81,Austin Hooper,TE
2016,82,Le'Raven Clark,T
2016,83,Jordan Jenkins,OLB
2016,84,Kendall Fuller,CB
2016,85,Braxton Miller,WR
2016,86,Leonte Carroo,WR
2016,87,Nick Vigil,ILB
2016,88,Kyler Fackrell,OLB
2016,89,Javon Hargrave,DT
2016,90,C.J. Prosise,RB
2016,91,Jacoby Brissett,QB
2016,92,Brandon Williams,CB
2016,93,Cody Kessler,QB
2016,94,Nick Vannett,TE
2016,95,Graham Glasgow,C
2016,96,Vincent Valentine,DT
2016,97,Rees Odhiambo,G
2016,98,Justin Simmons,S
2016,99,Joe Schobert,OLB
2016,100,Connor Cook,QB
2016,101,Charles Tapper,DE
2016,102,Joshua Perry,ILB
2016,103,Sheldon Day,DT
2016,104,Tavon Young,CB
2016,105,Parker Ehinger,G
2016,106,Eric Murray,CB
2016,107,Chris Moore,WR
2016,108,Ryan Smith,CB
2016,109,B.J. Goodson,OLB
2016,110,Tyler Higbee,TE
2016,111,Miles Killebrew,S
2016,112,Malcolm Mitchell,WR
2016,113,Nick Kwiatkoski,ILB
2016,114,Ricardo Louis,WR
2016,115,De'Vondre Campbell,OLB
2016,116,Hassan Ridgeway,DT
2016,117,Pharoh Cooper,WR
2016,118,Juston Burris,CB
2016,119,Tyler Ervin,RB
2016,120,David Onyemata,DT
2016,121,Willie Beavers,T
2016,122,Andrew Billings,NT
2016,123,Jerald Hawkins,T
2016,124,Deon Bush,S
2016,125,Antonio Morrison,ILB
2016,126,Demarcus Robinson,WR
2016,127,Deiondre' Hall,CB
2016,128,Evan Boehm,C
2016,129,Derrick Kindred,S
2016,130,Alex Lewis,T
2016,131,Blake Martinez,LB
2016,132,Willie Henry,DT
2016,133,Rashard Robinson,CB
2016,134,Kenneth Dixon,RB
2016,135,Dak Prescott,QB
2016,136,Devontae Booker,RB
2016,137,Dean Lowry,DE
2016,138,Seth Devalve,TE
2016,139,Cardale Jones,QB
2016,140,Tajae Sharpe,WR
2016,141,Zack Sanchez,CB
2016,142,Ronald Blair,DE
2016,143,DeAndre Washington,RB
2016,144,Connor McGovern,G
2016,145,John Theus,T
2016,146,Matt Judon,DE
2016,147,Quinton Jefferson,DT
2016,148,Caleb Benenoch,T
2016,149,Paul Perkins,RB
2016,150,Jordan Howard,RB
2016,151,Joe Dahl,G
2016,152,Matthew Ioannidis,DT
2016,153,Wendell Smallwood,RB
2016,154,Jordan Payton,WR
2016,155,Joe Haeg,T
2016,156,Jonathan Williams,RB
2016,157,LeShaun Sims,CB
2016,158,Brandon Shell,T
2016,159,K.J. Dillon,S
2016,160,Kentrell Brothers,OLB
2016,161,Christian Westerman,G
2016,162,Kevin Hogan,QB
2016,163,Trevor Davis,WR
2016,164,Halapoulivaati Vaitai,T
2016,165,Tyreek Hill,WR
2016,166,D.J. Reader,NT
2016,167,Marqui Christian,S
2016,168,Spencer Drango,G
2016,169,Antwione Williams,LB
2016,170,Cole Toner,T
2016,171,Alex Collins,RB
2016,172,Rashard Higgins,WR
2016,173,Trey Caldwell,DB
2016,174,Fahn Cooper,T
2016,175,Jatavis Brown,OLB
2016,176,Andy Janovich,FB
2016,177,Temarrick Hemingway,TE
2016,178,D.J. White,CB
2016,179,Drew Kaser,P
2016,180,Moritz Boehringer,WR
2016,181,Tyrone Holmes,OLB
2016,182,Keenan Reynolds,RB
2016,183,Devante Bond,OLB
2016,184,Jerell Adams,TE
2016,185,DeAndre Houston-Carson,S
2016,186,Jakeem Grant,WR
2016,187,Nate Sudfeld,QB
2016,188,David Morgan,TE
2016,189,Anthony Brown,CB
2016,190,Josh Forrest,ILB
2016,191,Jake Rudock,QB
2016,192,Kolby Listenbee,WR
2016,193,Sebastian Tretola,G
2016,194,Cory James,OLB
2016,195,Wes Schweitzer,G
2016,196,Blake Countess,CB
2016,197,Danny Vitale,FB
2016,198,Derek Watt,FB
2016,199,Cody Core,WR
2016,200,Kyle Murphy,T
2016,201,Brandon Allen,QB
2016,202,Anthony Zettel,DT
2016,203,Dadi Nicolas,DE
2016,204,Jordan Lucas,S
2016,205,Harlan Miller,CB
2016,206,Mike Thomas,WR
2016,207,Jeff Driskel,QB
2016,208,Kamu Grugier-Hill,OLB
2016,209,Maurice Canady,CB
2016,210,Jimmy Landes,LS
2016,211,Kelvin Taylor,RB
2016,212,Kavon Frazier,S
2016,213,Aaron Burbridge,WR
2016,214,Elandon Roberts,ILB
2016,215,Joey Hunt,C
2016,216,Darius Jackson,RB
2016,217,Rico Gathers,TE
2016,218,Kevon Seymour,CB
2016,219,Will Parks,S
2016,220,Travis Feeney,OLB
2016,221,Ted Karras,G
2016,222,Aaron Wallace,OLB
2016,223,Brandon Doughty,QB
2016,224,Donavon Clark,G
2016,225,Devin Lucien,WR
2016,226,Jonathan Woodard,DE
2016,227,Stephen Weatherly,OLB
2016,228,Riley Dixon,P
2016,229,Demarcus Ayers,WR
2016,230,Daniel Braverman,WR
2016,231,Thomas Duarte,TE
2016,232,Steven Daniels,ILB
2016,233,Jalen Mills,S
2016,234,Vadal Alexander,G
2016,235,Lac Edwards,P
2016,236,Dwayne Washington,RB
2016,237,Daniel Lasco,RB
2016,238,Devin Fuller,WR
2016,239,Trevor Bates,LB
2016,240,Alex McCalister,DE
2016,241,Charone Peake,WR
2016,242,Keith Marshall,RB
2016,243,Kenny Lawler,WR
2016,244,Jayron Kearse,S
2016,245,Clayton Fejedelem,S
2016,246,Tyler Matakevich,OLB
2016,247,Zac Brooks,RB
2016,248,Austin Blythe,C
2016,249,Prince Charles Iworah,CB
2016,250,Scooby Wright III,ILB
2016,251,Joe Walker,ILB
2016,252,Beau Sandland,TE
2016,253,Kalan Reed,CB
2017,1,Myles Garrett,DE
2017,2,Mitchell Trubisky,QB
2017,3,Solomon Thomas,DE
2017,4,Leonard Fournette,RB
2017,5,Corey Davis,WR
2017,6,Jamal Adams,S
2017,7,Mike Williams,WR
2017,8,Christian McCaffrey,RB
2017,9,John Ross,WR
2017,10,Patrick Mahomes,QB
2017,11,Marshon Lattimore,CB
2017,12,Deshaun Watson,QB
2017,13,Haason Reddick,LB
2017,14,Derek Barnett,DE
2017,15,Malik Hooker,S
2017,16,Marlon Humphrey,CB
2017,17,Jonathan Allen,DE
2017,18,Adoree' Jackson,CB
2017,19,O.J. Howard,TE
2017,20,Garett Bolles,T
2017,21,Jarrad Davis,LB
2017,22,Charles Harris,OLB
2017,23,Evan Engram,TE
2017,24,Gareon Conley,CB
2017,25,Jabrill Peppers,S
2017,26,Takkarist McKinley,DE
2017,27,Tre'Davious White,CB
2017,28,Taco Charlton,DE
2017,29,David Njoku,TE
2017,30,T.J. Watt,OLB
2017,31,Reuben Foster,LB
2017,32,Ryan Ramczyk,T
2017,33,Kevin King,CB
2017,34,Cam Robinson,T
2017,35,Malik McDowell,DT
2017,36,Budda Baker,S
2017,37,Zay Jones,WR
2017,38,Forrest Lamp,G
2017,39,Marcus Maye,S
2017,40,Curtis Samuel,WR
2017,41,Dalvin Cook,RB
2017,42,Marcus Williams,S
2017,43,Sidney Jones,CB
2017,44,Gerald Everett,TE
2017,45,Adam Shaheen,TE
2017,46,Quincy Wilson,CB
2017,47,Tyus Bowser,OLB
2017,48,Joe Mixon,RB
2017,49,Ryan Anderson,OLB
2017,50,Justin Evans,S
2017,51,DeMarcus Walker,DE
2017,52,DeShone Kizer,QB
2017,53,Teez Tabor,CB
2017,54,Raekwon McMillan,LB
2017,55,Dalvin Tomlinson,DT
2017,56,Obi Melifonwu,S
2017,57,Zach Cunningham,LB
2017,58,Ethan Pocic,C
2017,59,Tanoh Kpassagnon,DE
2017,60,Chidobe Awuzie,CB
2017,61,Josh Jones,S
2017,62,JuJu Smith-Schuster,WR
2017,63,Dion Dawkins,G
2017,64,Taylor Moton,G
2017,65,Larry Ogunjobi,DT
2017,66,Ahkello Witherspoon,CB
2017,67,Alvin Kamara,RB
2017,68,Dawuane Smoot,DE
2017,69,Cooper Kupp,WR
2017,70,Pat Elflein,C
2017,71,Dan Feeney,G
2017,72,Taywan Taylor,WR
2017,73,Jordan Willis,OLB
2017,74,Chris Wormley,DE
2017,75,Duke Riley,LB
2017,76,Alex Anzalone,LB
2017,77,Daeshon Hall,DE
2017,78,Tim Williams,OLB
2017,79,ArDarius Stewart,WR
2017,80,Tarell Basham,DE
2017,81,Fabian Moreau,CB
2017,82,Carlos Henderson,WR
2017,83,Derek Rivers,DE
2017,84,Chris Godwin,WR
2017,85,Antonio Garcia,T
2017,86,Kareem Hunt,RB
2017,87,Davis Webb,QB
2017,88,Eddie Vanderdoes,DT
2017,89,D'Onta Foreman,RB
2017,90,Shaquill Griffin,DB
2017,91,John Johnson,S
2017,92,Jourdan Lewis,CB
2017,93,Montravius Adams,DT
2017,94,Cameron Sutton,CB
2017,95,Lano Hill,S
2017,96,Kenny Golladay,WR
2017,97,Cordrea Tankersley,CB
2017,98,Chad Williams,WR
2017,99,Rasul Douglas,CB
2017,100,Jonnu Smith,TE
2017,101,Brendan Langley,CB
2017,102,Nazair Jones,DT
2017,103,Trey Hendrickson,OLB
2017,104,C.J. Beathard,QB
2017,105,James Conner,RB
2017,106,Amara Darboh,WR
2017,107,Kendell Beckwith,ILB
2017,108,Vince Biegel,LB
2017,109,Jaleel Johnson,DT
2017,110,Dede Westbrook,WR
2017,111,Tedric Thompson,S
2017,112,Eddie Jackson,S
2017,113,Rayshawn Jenkins,S
2017,114,Samaje Perine,RB
2017,115,Dorian Johnson,G
2017,116,Carl Lawson,OLB
2017,117,Josh Reynolds,WR
2017,118,Mack Hollins,WR
2017,119,Tarik Cohen,RB
2017,120,Ben Gedeon,ILB
2017,121,Joe Williams,RB
2017,122,Nico Siragusa,G
2017,123,Montae Nicholson,S
2017,124,Jalen Reeves-Maybin,LB
2017,125,Samson Ebukam,OLB
2017,126,Howard Wilson,CB
2017,127,Michael Roberts,TE
2017,128,Josh Malone,WR
2017,129,David Sharpe,T
2017,130,Julin Davenport,T
2017,131,Deatrich Wise Jr.,DE
2017,132,Donnel Pumphrey,RB
2017,133,Ryan Switzer,WR
2017,134,Jamaal Williams,RB
2017,135,Joshua Dobbs,QB
2017,136,Sean Harlow,G
2017,137,Zach Banner,T
2017,138,Ryan Glasgow,DT
2017,139,Jehu Chesson,WR
2017,140,Wayne Gallman,RB
2017,141,Chad Hansen,WR
2017,142,Carlos Watkins,DT
2017,143,Marlon Mack,RB
2017,144,Grover Stewart,DT
2017,145,Jake Butt,TE
2017,146,George Kittle,TE
2017,147,Jordan Morgan,G
2017,148,Blair Brown,LB
2017,149,Damontae Kazee,CB
2017,150,Jordan Leggett,TE
2017,151,Desmond King,S
2017,152,Corn Elder,CB
2017,153,Jake Elliott,K
2017,154,Jeremy Sprinkle,TE
2017,155,Jayon Brown,LB
2017,156,Brian Hill,RB
2017,157,Will Holden,T
2017,158,Nate Hairston,CB
2017,159,Jermaine Eluemunor,G
2017,160,Roderick Johnson,T
2017,161,Anthony Walker,LB
2017,162,Jeremy McNichols,RB
2017,163,Matt Milano,LB
2017,164,Isaac Asiata,G
2017,165,Jamal Agnew,CB
2017,166,Shelton Gibson,WR
2017,167,Avery Moss,DE
2017,168,Marquel Lee,LB
2017,169,Treston Decoud,S
2017,170,Rodney Adams,WR
2017,171,Nathan Peterman,QB
2017,172,Isaiah McKenzie,WR
2017,173,Brian Allen,DB
2017,174,Eric Saubert,TE
2017,175,DeAngelo Yancey,WR
2017,176,JJ Dielman,C
2017,177,Trent Taylor,WR
2017,178,Davon Godchaux,DT
2017,179,T.J. Logan,RB
2017,180,Danny Isidora,G
2017,181,Dylan Donahue,DL
2017,182,Aaron Jones,RB
2017,183,Ukeme Eligwe,LB
2017,184,Nathan Gerry,S
2017,185,Caleb Brantley,DT
2017,186,Chuck Clark,DB
2017,187,Michael Tyson,S
2017,188,Elijah McGuire,RB
2017,189,Tanzel Smart,DT
2017,190,Sam Tevi,T
2017,191,Xavier Woods,S
2017,192,Alex Armah,FB
2017,193,Jordan Evans,LB
2017,194,Vincent Taylor,DT
2017,195,Tanner Vallejo,LB
2017,196,Al-Quadin Muhammad,DE
2017,197,Jeremy Clark,CB
2017,198,D.J. Jones,DT
2017,199,Chase Roullier,C
2017,200,Adam Bisnowaty,T
2017,201,Bucky Hodges,TE
2017,202,Pita Taumoepenu,OLB
2017,203,De'Angelo Henderson,RB
2017,204,Derrick Jones,CB
2017,205,Jeremiah Ledbetter,DE
2017,206,Sam Rogers,FB
2017,207,Brandon Wilson,RB
2017,208,Rudy Ford,S
2017,209,Robert Davis,WR
2017,210,Justin Senior,T
2017,211,Conor McDermott,T
2017,212,Kofi Amichia,C
2017,213,Colin Holba,LS
2017,214,Elijah Qualls,DT
2017,215,Brad Kaaya,QB
2017,216,Marquez White,CB
2017,217,Corey Levin,OL
2017,218,Leon McQuay,S
2017,219,Stacy Coley,WR
2017,220,Ifeadi Odenigbo,DL
2017,221,Shalom Luani,S
2017,222,Jalen Myrick,CB
2017,223,Stevie Tu'ikolovatu,NT
2017,224,Zane Gonzalez,K
2017,225,Isaac Rochell,DT
2017,226,David Moore,WR
2017,227,Josh Carraway,OLB
2017,228,Joey Ivie,DT
2017,229,Adrian Colbert,DB
2017,230,Josh Harvey-Clemons,S
2017,231,Jylan Ware,T
2017,232,Elijah Lee,LB
2017,233,Harrison Butker,K
2017,234,Ejuan Price,DE
2017,235,Joshua Holsey,DB
2017,236,Brad Seaton,T
2017,237,Isaiah Ford,WR
2017,238,Devante Mays,RB
2017,239,Noah Brown,WR
2017,240,Marquez Williams,FB
2017,241,Khalfani Muhammad,RB
2017,242,Elijah Hood,RB
2017,243,Kyle Fuller,C
2017,244,Treyvon Hester,DT
2017,245,Jack Tocho,CB
2017,246,Jordan Carrell,DT
2017,247,Malachi Dupre,WR
2017,248,Keion Adams,OLB
2017,249,Chris Carson,RB
2017,250,Pat O'Connor,DE
2017,251,Mason Schreck,TE
2017,252,Matthew Dayes,RB
2017,253,Chad Kelly,QB
2018,1,Baker Mayfield,QB
2018,2,Saquon Barkley,RB
2018,3,Sam Darnold,QB
2018,4,Denzel Ward,CB
2018,5,Bradley Chubb,DE
2018,6,Quenton Nelson,G
2018,7,Josh Allen,QB
2018,8,Roquan Smith,ILB
2018,9,Mike McGlinchey,T
2018,10,Josh Rosen,QB
2018,11,Minkah Fitzpatrick,S
2018,12,Vita Vea,DT
2018,13,Daron Payne,DT
2018,14,Marcus Davenport,DE
2018,15,Kolton Miller,T
2018,16,Tremaine Edmunds,ILB
2018,17,Derwin James,S
2018,18,Jaire Alexander,CB
2018,19,Leighton Vander Esch,OLB
2018,20,Frank Ragnow,C
2018,21,Billy Price,C
2018,22,Rashaan Evans,ILB
2018,23,Isaiah Wynn,T
2018,24,D.J. Moore,WR
2018,25,Hayden Hurst,TE
2018,26,Calvin Ridley,WR
2018,27,Rashaad Penny,RB
2018,28,Terrell Edmunds,S
2018,29,Taven Bryan,DT
2018,30,Mike Hughes,CB
2018,31,Sony Michel,RB
2018,32,Lamar Jackson,QB
2018,33,Austin Corbett,C
2018,34,Will Hernandez,G
2018,35,Nick Chubb,RB
2018,36,Shaquille Leonard,LB
2018,37,Braden Smith,G
2018,38,Ronald Jones II,RB
2018,39,James Daniels,C
2018,40,Courtland Sutton,WR
2018,41,Harold Landry,OLB
2018,42,Mike Gesicki,TE
2018,43,Kerryon Johnson,RB
2018,44,Dante Pettis,WR
2018,45,Josh Jackson,CB
2018,46,Breeland Speaks,DE
2018,47,Christian Kirk,WR
2018,48,Uchenna Nwosu,OLB
2018,49,Dallas Goedert,TE
2018,50,Connor Williams,T
2018,51,Anthony Miller,WR
2018,52,Kemoko Turay,OLB
2018,53,M.J. Stewart,CB
2018,54,Jessie Bates III,S
2018,55,Donte Jackson,CB
2018,56,Duke Dawson,CB
2018,57,P.J. Hall,DT
2018,58,Isaiah Oliver,CB
2018,59,Derrius Guice,RB
2018,60,James Washington,WR
2018,61,DJ Chark,WR
2018,62,Brian O'Neill,T
2018,63,Carlton Davis,CB
2018,64,Tyquan Lewis,DE
2018,65,Brandon Parker,T
2018,66,Lorenzo Carter,DE
2018,67,Chad Thomas,DE
2018,68,Justin Reid,S
2018,69,B.J. Hill,DT
2018,70,Fred Warner,OLB
2018,71,Royce Freeman,RB
2018,72,Nathan Shepherd,DT
2018,73,Jerome Baker,OLB
2018,74,Geron Christian,T
2018,75,Derrick Nnadi,DT
2018,76,Mason Rudolph,QB
2018,77,Sam Hubbard,DE
2018,78,Malik Jefferson,OLB
2018,79,Rasheem Green,DT
2018,80,Martinas Rankin,T
2018,81,Michael Gallup,WR
2018,82,Tracy Walker,S
2018,83,Orlando Brown Jr.,T
2018,84,Justin Jones,DT
2018,85,Rashaan Gaulden,CB
2018,86,Mark Andrews,TE
2018,87,Arden Key,DE
2018,88,Oren Burks,ILB
2018,89,Joseph Noteboom,T
2018,90,Deadrin Senat,DT
2018,91,Tre'Quan Smith,WR
2018,92,Chukwuma Okorafor,T
2018,93,Ronnie Harrison,S
2018,94,Alex Cappa,T
2018,95,Tarvarius Moore,S
2018,96,Harrison Phillips,DT
2018,97,Mason Cole,C
2018,98,Jordan Akins,TE
2018,99,Isaac Yiadom,CB
2018,100,Dorian O'Daniel,OLB
2018,101,Ian Thomas,TE
2018,102,Jalyn Holmes,DE
2018,103,Keke Coutee,WR
2018,104,Nyheim Hines,RB
2018,105,Antonio Callaway,WR
2018,106,Josey Jewell,ILB
2018,107,Chris Herndon,TE
2018,108,Kyle Lauletta,QB
2018,109,Troy Apke,S
2018,110,Nick Nelson,CB
2018,111,Brian Allen,C
2018,112,Mark Walton,RB
2018,113,DaeSean Hamilton,WR
2018,114,Da'Shawn Hand,DE
2018,115,Joel Iyiegbuniwe,LB
2018,116,Dorance Armstrong Jr.,DE
2018,117,Jordan Whitehead,S
2018,118,Anthony Averett,CB
2018,119,Kyzir White,S
2018,120,Will Dissly,TE
2018,121,Taron Johnson,CB
2018,122,Kenny Young,LB
2018,123,Durham Smythe,TE
2018,124,Armani Watts,S
2018,125,Avonte Maddox,CB
2018,126,Ito Smith,RB
2018,127,Rick Leonard,T
2018,128,Kentavius Street,DT
2018,129,Will Richardson,T
2018,130,Josh Sweat,DE
2018,131,Kalen Ballage,RB
2018,132,Jaleel Scott,WR
2018,133,J'Mon Moore,WR
2018,134,Chase Edmonds,RB
2018,135,John Franklin-Myers,DE
2018,136,Marquis Haynes,OLB
2018,137,Dalton Schultz,TE
2018,138,Cole Madison,G
2018,139,R.J. McIntosh,DT
2018,140,Maurice Hurst Jr.,DT
2018,141,Shaquem Griffin,OLB
2018,142,D.J. Reed,CB
2018,143,Ja'Whaun Bentley,ILB
2018,144,Justin Watson,WR
2018,145,Bilal Nichols,DT
2018,146,Tre Flowers,S
2018,147,Micah Kiser,ILB
2018,148,Marcus Allen,S
2018,149,Michael Dickson,P
2018,150,Genard Avery,LB
2018,151,Davontae Harris,CB
2018,152,Dane Cruikshank,CB
2018,153,Tyrell Crosby,T
2018,154,Siran Neal,CB
2018,155,Scott Quessenberry,C
2018,156,Troy Fumagalli,TE
2018,157,Tyler Conklin,TE
2018,158,Andrew Brown,DE
2018,159,Daurice Fountain,WR
2018,160,Ogbonnia Okoronkwo,DE
2018,161,Jermaine Carter Jr.,LB
2018,162,Jordan Lasley,WR
2018,163,Tim Settle,DT
2018,164,Natrell Jamerson,S
2018,165,Jaylen Samuels,TE
2018,166,Wyatt Teller,G
2018,167,Daniel Carlson,K
2018,168,Jamarco Jones,T
2018,169,Jordan Wilkins,RB
2018,170,Darius Phillips,CB
2018,171,Mike White,QB
2018,172,JK Scott,P
2018,173,Johnny Townsend,P
2018,174,Marquez Valdes-Scantling,WR
2018,175,Damion Ratley,WR
2018,176,John Kelly,RB
2018,177,Duke Ejiofor,DE
2018,178,Christian Sam,ILB
2018,179,Parry Nickerson,CB
2018,180,Folorunso Fatukasi,DT
2018,181,Kylie Fitts,DE
2018,182,Christian Campbell,CB
2018,183,Sam Jones,G
2018,184,Marcell Harris,S
2018,185,Deon Cain,WR
2018,186,Jacob Martin,LB
2018,187,Ray-Ray McCloud,WR
2018,188,Simeon Thomas,CB
2018,189,Kamrin Moore,CB
2018,190,DeShon Elliott,S
2018,191,Dylan Cantrell,WR
2018,192,Jamil Demby,T
2018,193,Chris Covington,LB
2018,194,Russell Gage,WR
2018,195,Sebastian Joseph-Day,DT
2018,196,Tremon Smith,WR
2018,197,Shaun Dion Hamilton,LB
2018,198,Kahlil McKenzie,DT
2018,199,Luke Falk,QB
2018,200,Foyesade Oluokun,S
2018,201,Boston Scott,RB
2018,202,Jack Cichy,ILB
2018,203,Tanner Lee,QB
2018,204,Trenton Cannon,RB
2018,205,Trevon Young,DE
2018,206,Matt Pryor,T
2018,207,Equanimeous St. Brown,WR
2018,208,Cedrick Wilson Jr.,WR
2018,209,Cornell Armstrong,CB
2018,210,Braxton Berrios,WR
2018,211,Jordan Thomas,TE
2018,212,Greg Senat,T
2018,213,Colby Gossett,G
2018,214,Peter Kalambayi,LB
2018,215,Bradley Bozeman,C
2018,216,Azeem Victor,LB
2018,217,Keishawn Bierria,ILB
2018,218,Ade Aruna,DE
2018,219,Danny Etling,QB
2018,220,Alex McGough,QB
2018,221,Matthew Adams,LB
2018,222,Jermaine Kelly,CB
2018,223,Jullian Taylor,DT
2018,224,Javon Wims,WR
2018,225,Devante Downs,LB
2018,226,David Williams,RB
2018,227,Quentin Poling,LB
2018,228,Marcell Ateman,WR
2018,229,Jason Sanders,K
2018,230,Leon Jacobs,OLB
2018,231,Travin Howard,OLB
2018,232,James Looney,DE
2018,233,Jordan Mailata,T
2018,234,Andre Smith,ILB
2018,235,Zaire Franklin,LB
2018,236,Bo Scarbrough,RB
2018,237,Nick Bawden,RB
2018,238,Zach Sieler,DE
2018,239,Hunter Bradley,LS
2018,240,Richie James,WR
2018,241,Greg Stroman,CB
2018,242,Kendrick Norton,DT
2018,243,Keion Crossen,CB
2018,244,Justin Lawler,DE
2018,245,Will Clapp,C
2018,246,Joshua Frazier,DT
2018,247,Logan Cooke,P
2018,248,Kendall Donnerson,OLB
2018,249,Logan Woodside,QB
2018,250,Ryan Izzo,TE
2018,251,Justin Jackson,RB
2018,252,Rod Taylor,G
2018,253,Auden Tate,WR
2018,254,Korey Cunningham,T
2018,255,Austin Proehl,WR
2018,256,Trey Quinn,WR
2018,1,Sam Beal,DB
2018,1,Adonis Alexander,DB
2019,1,Kyler Murray,QB
2019,2,Nick Bosa,DE
2019,3,Quinnen Williams,DT
2019,4,Clelin Ferrell,DE
2019,5,Devin White,LB
2019,6,Daniel Jones,QB
2019,7,Josh Hines-Allen,LB
2019,8,T.J. Hockenson,TE
2019,9,Ed Oliver,DT
2019,10,Devin Bush Jr.,LB
2019,11,Jonah Williams,G
2019,12,Rashan Gary,LB
2019,13,Christian Wilkins,DT
2019,14,Chris Lindstrom,G
2019,15,Dwayne Haskins,QB
2019,16,Brian Burns,DE
2019,17,Dexter Lawrence,DT
2019,18,Garrett Bradbury,C
2019,19,Jeffery Simmons,DT
2019,20,Noah Fant,TE
2019,21,Darnell Savage Jr.,S
2019,22,Andre Dillard,T
2019,23,Tytus Howard,T
2019,24,Josh Jacobs,RB
2019,25,Marquise Brown,WR
2019,26,Montez Sweat,DE
2019,27,Johnathan Abram,S
2019,28,Jerry Tillery,DT
2019,29,L.J. Collier,DE
2019,30,Deandre Baker,CB
2019,31,Kaleb McGary,T
2019,32,N'Keal Harry,WR
2019,33,Byron Murphy,CB
2019,34,Rock Ya-Sin,CB
2019,35,Jawaan Taylor,T
2019,36,Deebo Samuel,WR
2019,37,Greg Little,T
2019,38,Cody Ford,T
2019,39,Sean Murphy-Bunting,CB
2019,40,Trayvon Mullen,CB
2019,41,Dalton Risner,T
2019,42,Drew Lock,QB
2019,43,Jahlani Tavai,LB
2019,44,Elgton Jenkins,C
2019,45,Joejuan Williams,CB
2019,46,Greedy Williams,CB
2019,47,Marquise Blair,S
2019,48,Erik McCoy,C
2019,49,Ben Banogu,LB
2019,50,Irv Smith Jr.,TE
2019,51,A.J. Brown,WR
2019,52,Drew Sample,TE
2019,53,Miles Sanders,RB
2019,54,Lonnie Johnson Jr.,CB
2019,55,Max Scharping,T
2019,56,Mecole Hardman,WR
2019,57,JJ Arcega-Whiteside,WR
2019,58,Trysten Hill,DT
2019,59,Parris Campbell,WR
2019,60,Nasir Adderley,S
2019,61,Taylor Rapp,S
2019,62,Andy Isabella,WR
2019,63,Juan Thornhill,S
2019,64,D.K. Metcalf,WR
2019,65,Zach Allen,DE
2019,66,Diontae Johnson,WR
2019,67,Jalen Hurd,WR
2019,68,Jachai Polite,LB
2019,69,Josh Oliver,TE
2019,70,Darrell Henderson,RB
2019,71,Dre'Mont Jones,DT
2019,72,Germaine Pratt,LB
2019,73,David Montgomery,RB
2019,74,Devin Singletary,RB
2019,75,Jace Sternberger,TE
2019,76,Terry McLaurin,WR
2019,77,Chase Winovich,DE
2019,78,Michael Deiter,G
2019,79,David Long,CB
2019,80,Sione Takitaki,LB
2019,81,Will Harris,S
2019,82,Nate Davis,G
2019,83,Justin Layne,CB
2019,84,Khalen Saunders,DT
2019,85,Jaylon Ferguson,DE
2019,86,Kahale Warring,TE
2019,87,Damien Harris,RB
2019,88,Cody Barton,LB
2019,89,Bobby Okereke,LB
2019,90,Connor McGovern,G
2019,91,Trey Pipkins,T
2019,92,Chuma Edoga,T
2019,93,Miles Boykin,WR
2019,94,Jamel Dean,CB
2019,95,Oshane Ximines,DE
2019,96,Dawson Knox,TE
2019,97,Bobby Evans,T
2019,98,Quincy Williams,S
2019,99,Mike Edwards,S
2019,100,Will Grier,QB
2019,101,Yodny Cajuste,T
2019,102,Alexander Mattison,RB
2019,103,Hakeem Butler,WR
2019,104,Ryan Finley,QB
2019,105,C.J. Gardner-Johnson,S
2019,106,Maxx Crosby,DE
2019,107,Anthony Nelson,DE
2019,108,Julian Love,CB
2019,109,Khari Willis,S
2019,110,Mitch Wishnowsky,P
2019,111,Kendall Sheffield,CB
2019,112,Bryce Love,RB
2019,113,Justice Hill,RB
2019,114,Dru Samia,G
2019,115,Christian Miller,LB
2019,116,Amani Hooker,S
2019,117,Austin Bryant,DE
2019,118,Hjalte Froholdt,G
2019,119,Sheldrick Redwine,S
2019,120,Gary Jennings Jr,WR
2019,121,Trevon Wesco,TE
2019,122,Benny Snell Jr.,RB
2019,123,Ben Powers,G
2019,124,Phil Haynes,G
2019,125,Renell Wren,DT
2019,126,Riley Ridley,WR
2019,127,Iman Marshall,CB
2019,128,Tony Pollard,RB
2019,129,Isaiah Johnson,CB
2019,130,Drue Tranquill,LB
2019,131,Wes Martin,G
2019,132,Ugo Amadi,S
2019,133,Jarrett Stidham,QB
2019,134,Greg Gaines,DT
2019,135,John Cominsky,DE
2019,136,Michael Jordan,G
2019,137,Foster Moreau,TE
2019,138,Shareef Miller,DE
2019,139,Deionte Thompson,S
2019,140,Ryquell Armstead,RB
2019,141,Zach Gentry,TE
2019,142,Ben Burr-Kirven,LB
2019,143,Ryan Connelly,LB
2019,144,Marvell Tell III,S
2019,145,Matt Gay,K
2019,146,Amani Oruwariye,CB
2019,147,Vosean Joseph,LB
2019,148,Dre Greenlaw,LB
2019,149,Hunter Renfrow,WR
2019,150,Kingsley Keke,DT
2019,151,Andrew Van Ginkel,LB
2019,152,Qadree Ollison,RB
2019,153,Ross Pierschbacher,G
2019,154,Jordan Scarlett,RB
2019,155,Mack Wilson,LB
2019,156,Justin Hollins,LB
2019,157,Blake Cashman,LB
2019,158,Michael Jackson,CB
2019,159,Byron Cowart,DT
2019,160,Daylon Mack,DT
2019,161,Charles Omenihu,DE
2019,162,Cameron Smith,LB
2019,163,Jake Bailey,P
2019,164,E.J. Speed,LB
2019,165,Joe Jackson,DE
2019,166,Easton Stick,QB
2019,167,Clayton Thorson,QB
2019,168,D'Andre Walker,LB
2019,169,David Edwards,T
2019,170,Austin Seibert,K
2019,171,Darius Slayton,WR
2019,172,Jordan Miller,CB
2019,173,Cole Holcomb,LB
2019,174,KeeSean Johnson,WR
2019,175,Sutton Smith,DE
2019,176,Kaden Smith,TE
2019,177,Saquan Hampton,S
2019,178,Gardner Minshew II,QB
2019,179,Lamont Gaillard,C
2019,180,Corey Ballentine,CB
2019,181,Jaquan Johnson,CB
2019,182,Trayveon Williams,RB
2019,183,Justin Skule,T
2019,184,Travis Fulgham,WR
2019,185,Ka'dar Hollman,CB
2019,186,Ty Johnson,RB
2019,187,Juwann Winfree,WR
2019,188,David Long,LB
2019,189,Drew Forbes,T
2019,190,Armon Watts,DT
2019,191,Marcus Epps,S
2019,192,Isaiah Buggs,DT
2019,193,Oli Udoh,T
2019,194,Dexter Williams,RB
2019,195,Xavier Crawford,CB
2019,196,Blessuan Austin,CB
2019,197,Trace McSorley,QB
2019,198,Tim Harris,CB
2019,199,Gerri Green,DE
2019,200,Emeke Egbule,LB
2019,201,Rashad Fenton,CB
2019,202,Isaiah Prince,T
2019,203,Marcus Green,WR
2019,204,Travis Homer,RB
2019,205,Duke Shelley,CB
2019,206,Kelvin Harmon,WR
2019,207,Ulysees Gilbert,LB
2019,208,Scott Miller,WR
2019,209,Demarcus Christmas,DT
2019,210,Deshaun Davis,LB
2019,211,Rodney Anderson,RB
2019,212,Dennis Daley,T
2019,213,Donovan Wilson,S
2019,214,Darwin Thompson,RB
2019,215,Terry Beckner,DT
2019,216,Nick Allegretti,G
2019,217,Kris Boyd,CB
2019,218,Mike Weber,RB
2019,219,Derwin Gray,T
2019,220,Cullen Gillaspia,RB
2019,221,Donnie Lewis Jr.,CB
2019,222,Kerrith Whyte Jr,RB
2019,223,Jordan Brown,CB
2019,224,Isaac Nauta,TE
2019,225,Darryl Johnson,DE
2019,226,Ty Summers,LB
2019,227,Jimmy Moreland,CB
2019,228,Tommy Sweeney,TE
2019,229,P.J. Johnson,DE
2019,230,Quinton Bell,DE
2019,231,Aliz Mack,TE
2019,232,George Asafo-Adjei,T
2019,233,Chandler Cox,RB
2019,234,Myles Gaskin,RB
2019,235,Dontavius Russell,DT
2019,236,John Ursua,WR
2019,237,Terry Godwin,WR
2019,238,Stephen Denmark,CB
2019,239,Dillon Mitchell,WR
2019,240,Jackson Barton,T
2019,241,Jalen Jelks,DE
2019,242,Cortez Broughton,DT
2019,243,Nick Scott,S
2019,244,Kaden Elliss,LB
2019,245,Chris Slayton,DT
2019,246,Javon Patterson,C
2019,247,Olabisi Johnson,WR
2019,248,Joshua Miles,T
2019,249,Michael Dogbe,DE
2019,250,Austin Cutting,LS
2019,251,Dakota Allen,LB
2019,252,Ken Webster,CB
2019,253,Jordan Brailford,DE
2019,254,Caleb Wilson,TE
2019,1,Jalen Thompson,DB
